league,country,season,team,rank,points,matches_played,ppg,wins,draws,losses,goals_for,goals_against,goal_difference,points_earned,points_adjustment
Bundesliga,Germany,2015/16,Bayern Munich,1,88,34,2.5882,28,4,2,80,17,63,88,0
Bundesliga,Germany,2015/16,Dortmund,2,78,34,2.2941,24,6,4,82,34,48,78,0
Bundesliga,Germany,2015/16,Leverkusen,3,60,34,1.7647,18,6,10,56,40,16,60,0
Bundesliga,Germany,2015/16,M'gladbach,4,55,34,1.6176,17,4,13,67,50,17,55,0
Bundesliga,Germany,2015/16,Schalke 04,5,52,34,1.5294,15,7,12,51,49,2,52,0
Bundesliga,Germany,2015/16,Mainz,6,50,34,1.4706,14,8,12,46,42,4,50,0
Bundesliga,Germany,2015/16,Hertha,7,50,34,1.4706,14,8,12,42,42,0,50,0
Bundesliga,Germany,2015/16,Wolfsburg,8,45,34,1.3235,12,9,13,47,49,-2,45,0
Bundesliga,Germany,2015/16,FC Koln,9,43,34,1.2647,10,13,11,38,42,-4,43,0
Bundesliga,Germany,2015/16,Hamburg,10,41,34,1.2059,11,8,15,40,46,-6,41,0
Bundesliga,Germany,2015/16,Ingolstadt,11,40,34,1.1765,10,10,14,33,42,-9,40,0
Bundesliga,Germany,2015/16,Augsburg,12,38,34,1.1176,9,11,14,42,52,-10,38,0
Bundesliga,Germany,2015/16,Werder Bremen,13,38,34,1.1176,10,8,16,50,65,-15,38,0
Bundesliga,Germany,2015/16,Darmstadt,14,38,34,1.1176,9,11,14,38,53,-15,38,0
Bundesliga,Germany,2015/16,Hoffenheim,15,37,34,1.0882,9,10,15,39,54,-15,37,0
Bundesliga,Germany,2015/16,Ein Frankfurt,16,36,34,1.0588,9,9,16,34,52,-18,36,0
Bundesliga,Germany,2015/16,Stuttgart,17,33,34,0.9706,9,6,19,50,75,-25,33,0
Bundesliga,Germany,2015/16,Hannover,18,25,34,0.7353,7,4,23,31,62,-31,25,0
Bundesliga,Germany,2016/17,Bayern Munich,1,82,34,2.4118,25,7,2,89,22,67,82,0
Bundesliga,Germany,2016/17,RB Leipzig,2,67,34,1.9706,20,7,7,66,39,27,67,0
Bundesliga,Germany,2016/17,Dortmund,3,64,34,1.8824,18,10,6,72,40,32,64,0
Bundesliga,Germany,2016/17,Hoffenheim,4,62,34,1.8235,16,14,4,64,37,27,62,0
Bundesliga,Germany,2016/17,FC Koln,5,49,34,1.4412,12,13,9,51,42,9,49,0
Bundesliga,Germany,2016/17,Hertha,6,49,34,1.4412,15,4,15,43,47,-4,49,0
Bundesliga,Germany,2016/17,Freiburg,7,48,34,1.4118,14,6,14,42,60,-18,48,0
Bundesliga,Germany,2016/17,Werder Bremen,8,45,34,1.3235,13,6,15,61,64,-3,45,0
Bundesliga,Germany,2016/17,M'gladbach,9,45,34,1.3235,12,9,13,45,49,-4,45,0
Bundesliga,Germany,2016/17,Schalke 04,10,43,34,1.2647,11,10,13,45,40,5,43,0
Bundesliga,Germany,2016/17,Ein Frankfurt,11,42,34,1.2353,11,9,14,36,43,-7,42,0
Bundesliga,Germany,2016/17,Leverkusen,12,41,34,1.2059,11,8,15,53,55,-2,41,0
Bundesliga,Germany,2016/17,Augsburg,13,38,34,1.1176,9,11,14,35,51,-16,38,0
Bundesliga,Germany,2016/17,Hamburg,14,38,34,1.1176,10,8,16,33,61,-28,38,0
Bundesliga,Germany,2016/17,Mainz,15,37,34,1.0882,10,7,17,44,55,-11,37,0
Bundesliga,Germany,2016/17,Wolfsburg,16,37,34,1.0882,10,7,17,34,52,-18,37,0
Bundesliga,Germany,2016/17,Ingolstadt,17,32,34,0.9412,8,8,18,36,57,-21,32,0
Bundesliga,Germany,2016/17,Darmstadt,18,25,34,0.7353,7,4,23,28,63,-35,25,0
Bundesliga,Germany,2017/18,Bayern Munich,1,84,34,2.4706,27,3,4,92,28,64,84,0
Bundesliga,Germany,2017/18,Schalke 04,2,63,34,1.8529,18,9,7,53,37,16,63,0
Bundesliga,Germany,2017/18,Hoffenheim,3,55,34,1.6176,15,10,9,66,48,18,55,0
Bundesliga,Germany,2017/18,Dortmund,4,55,34,1.6176,15,10,9,64,47,17,55,0
Bundesliga,Germany,2017/18,Leverkusen,5,55,34,1.6176,15,10,9,58,44,14,55,0
Bundesliga,Germany,2017/18,RB Leipzig,6,53,34,1.5588,15,8,11,57,53,4,53,0
Bundesliga,Germany,2017/18,Stuttgart,7,51,34,1.5,15,6,13,36,36,0,51,0
Bundesliga,Germany,2017/18,Ein Frankfurt,8,49,34,1.4412,14,7,13,45,45,0,49,0
Bundesliga,Germany,2017/18,M'gladbach,9,47,34,1.3824,13,8,13,47,52,-5,47,0
Bundesliga,Germany,2017/18,Hertha,10,43,34,1.2647,10,13,11,43,46,-3,43,0
Bundesliga,Germany,2017/18,Werder Bremen,11,42,34,1.2353,10,12,12,37,40,-3,42,0
Bundesliga,Germany,2017/18,Augsburg,12,41,34,1.2059,10,11,13,43,46,-3,41,0
Bundesliga,Germany,2017/18,Hannover,13,39,34,1.1471,10,9,15,44,54,-10,39,0
Bundesliga,Germany,2017/18,Mainz,14,36,34,1.0588,9,9,16,38,52,-14,36,0
Bundesliga,Germany,2017/18,Freiburg,15,36,34,1.0588,8,12,14,32,56,-24,36,0
Bundesliga,Germany,2017/18,Wolfsburg,16,33,34,0.9706,6,15,13,36,48,-12,33,0
Bundesliga,Germany,2017/18,Hamburg,17,31,34,0.9118,8,7,19,29,53,-24,31,0
Bundesliga,Germany,2017/18,FC Koln,18,22,34,0.6471,5,7,22,35,70,-35,22,0
Bundesliga,Germany,2018/19,Bayern Munich,1,78,34,2.2941,24,6,4,88,32,56,78,0
Bundesliga,Germany,2018/19,Dortmund,2,76,34,2.2353,23,7,4,81,44,37,76,0
Bundesliga,Germany,2018/19,RB Leipzig,3,66,34,1.9412,19,9,6,63,29,34,66,0
Bundesliga,Germany,2018/19,Leverkusen,4,58,34,1.7059,18,4,12,69,52,17,58,0
Bundesliga,Germany,2018/19,M'gladbach,5,55,34,1.6176,16,7,11,55,42,13,55,0
Bundesliga,Germany,2018/19,Wolfsburg,6,55,34,1.6176,16,7,11,62,50,12,55,0
Bundesliga,Germany,2018/19,Ein Frankfurt,7,54,34,1.5882,15,9,10,60,48,12,54,0
Bundesliga,Germany,2018/19,Werder Bremen,8,53,34,1.5588,14,11,9,58,49,9,53,0
Bundesliga,Germany,2018/19,Hoffenheim,9,51,34,1.5,13,12,9,70,52,18,51,0
Bundesliga,Germany,2018/19,Fortuna Dusseldorf,10,44,34,1.2941,13,5,16,49,65,-16,44,0
Bundesliga,Germany,2018/19,Hertha,11,43,34,1.2647,11,10,13,49,57,-8,43,0
Bundesliga,Germany,2018/19,Mainz,12,43,34,1.2647,12,7,15,46,57,-11,43,0
Bundesliga,Germany,2018/19,Freiburg,13,36,34,1.0588,8,12,14,46,61,-15,36,0
Bundesliga,Germany,2018/19,Schalke 04,14,33,34,0.9706,8,9,17,37,55,-18,33,0
Bundesliga,Germany,2018/19,Augsburg,15,32,34,0.9412,8,8,18,51,71,-20,32,0
Bundesliga,Germany,2018/19,Stuttgart,16,28,34,0.8235,7,7,20,32,70,-38,28,0
Bundesliga,Germany,2018/19,Hannover,17,21,34,0.6176,5,6,23,31,71,-40,21,0
Bundesliga,Germany,2018/19,Nurnberg,18,19,34,0.5588,3,10,21,26,68,-42,19,0
Bundesliga,Germany,2019/20,Bayern Munich,1,82,34,2.4118,26,4,4,100,32,68,82,0
Bundesliga,Germany,2019/20,Dortmund,2,69,34,2.0294,21,6,7,84,41,43,69,0
Bundesliga,Germany,2019/20,RB Leipzig,3,66,34,1.9412,18,12,4,81,37,44,66,0
Bundesliga,Germany,2019/20,M'gladbach,4,65,34,1.9118,20,5,9,66,40,26,65,0
Bundesliga,Germany,2019/20,Leverkusen,5,63,34,1.8529,19,6,9,61,44,17,63,0
Bundesliga,Germany,2019/20,Hoffenheim,6,52,34,1.5294,15,7,12,53,53,0,52,0
Bundesliga,Germany,2019/20,Wolfsburg,7,49,34,1.4412,13,10,11,48,46,2,49,0
Bundesliga,Germany,2019/20,Freiburg,8,48,34,1.4118,13,9,12,48,47,1,48,0
Bundesliga,Germany,2019/20,Ein Frankfurt,9,45,34,1.3235,13,6,15,59,60,-1,45,0
Bundesliga,Germany,2019/20,Hertha,10,41,34,1.2059,11,8,15,48,59,-11,41,0
Bundesliga,Germany,2019/20,Union Berlin,11,41,34,1.2059,12,5,17,41,58,-17,41,0
Bundesliga,Germany,2019/20,Schalke 04,12,39,34,1.1471,9,12,13,38,58,-20,39,0
Bundesliga,Germany,2019/20,Mainz,13,37,34,1.0882,11,4,19,44,65,-21,37,0
Bundesliga,Germany,2019/20,FC Koln,14,36,34,1.0588,10,6,18,51,69,-18,36,0
Bundesliga,Germany,2019/20,Augsburg,15,36,34,1.0588,9,9,16,45,63,-18,36,0
Bundesliga,Germany,2019/20,Werder Bremen,16,31,34,0.9118,8,7,19,42,69,-27,31,0
Bundesliga,Germany,2019/20,Fortuna Dusseldorf,17,30,34,0.8824,6,12,16,36,67,-31,30,0
Bundesliga,Germany,2019/20,Paderborn,18,20,34,0.5882,4,8,22,37,74,-37,20,0
Bundesliga,Germany,2020/21,Bayern Munich,1,78,34,2.2941,24,6,4,99,44,55,78,0
Bundesliga,Germany,2020/21,RB Leipzig,2,65,34,1.9118,19,8,7,60,32,28,65,0
Bundesliga,Germany,2020/21,Dortmund,3,64,34,1.8824,20,4,10,75,46,29,64,0
Bundesliga,Germany,2020/21,Wolfsburg,4,61,34,1.7941,17,10,7,61,37,24,61,0
Bundesliga,Germany,2020/21,Ein Frankfurt,5,60,34,1.7647,16,12,6,69,53,16,60,0
Bundesliga,Germany,2020/21,Leverkusen,6,52,34,1.5294,14,10,10,53,39,14,52,0
Bundesliga,Germany,2020/21,Union Berlin,7,50,34,1.4706,12,14,8,50,43,7,50,0
Bundesliga,Germany,2020/21,M'gladbach,8,49,34,1.4412,13,10,11,64,56,8,49,0
Bundesliga,Germany,2020/21,Stuttgart,9,45,34,1.3235,12,9,13,56,55,1,45,0
Bundesliga,Germany,2020/21,Freiburg,10,45,34,1.3235,12,9,13,52,52,0,45,0
Bundesliga,Germany,2020/21,Hoffenheim,11,43,34,1.2647,11,10,13,52,54,-2,43,0
Bundesliga,Germany,2020/21,Mainz,12,39,34,1.1471,10,9,15,39,56,-17,39,0
Bundesliga,Germany,2020/21,Augsburg,13,36,34,1.0588,10,6,18,36,54,-18,36,0
Bundesliga,Germany,2020/21,Hertha,14,35,34,1.0294,8,11,15,41,52,-11,35,0
Bundesliga,Germany,2020/21,Bielefeld,15,35,34,1.0294,9,8,17,26,52,-26,35,0
Bundesliga,Germany,2020/21,FC Koln,16,33,34,0.9706,8,9,17,34,60,-26,33,0
Bundesliga,Germany,2020/21,Werder Bremen,17,31,34,0.9118,7,10,17,36,57,-21,31,0
Bundesliga,Germany,2020/21,Schalke 04,18,16,34,0.4706,3,7,24,25,86,-61,16,0
Bundesliga,Germany,2021/22,Bayern Munich,1,77,34,2.2647,24,5,5,97,37,60,77,0
Bundesliga,Germany,2021/22,Dortmund,2,69,34,2.0294,22,3,9,85,52,33,69,0
Bundesliga,Germany,2021/22,Leverkusen,3,64,34,1.8824,19,7,8,80,47,33,64,0
Bundesliga,Germany,2021/22,RB Leipzig,4,58,34,1.7059,17,7,10,72,37,35,58,0
Bundesliga,Germany,2021/22,Union Berlin,5,57,34,1.6765,16,9,9,50,44,6,57,0
Bundesliga,Germany,2021/22,Freiburg,6,55,34,1.6176,15,10,9,58,46,12,55,0
Bundesliga,Germany,2021/22,FC Koln,7,52,34,1.5294,14,10,10,52,49,3,52,0
Bundesliga,Germany,2021/22,Mainz,8,46,34,1.3529,13,7,14,50,45,5,46,0
Bundesliga,Germany,2021/22,Hoffenheim,9,46,34,1.3529,13,7,14,58,60,-2,46,0
Bundesliga,Germany,2021/22,M'gladbach,10,45,34,1.3235,12,9,13,54,61,-7,45,0
Bundesliga,Germany,2021/22,Ein Frankfurt,11,42,34,1.2353,10,12,12,45,49,-4,42,0
Bundesliga,Germany,2021/22,Wolfsburg,12,42,34,1.2353,12,6,16,43,54,-11,42,0
Bundesliga,Germany,2021/22,Bochum,13,42,34,1.2353,12,6,16,38,52,-14,42,0
Bundesliga,Germany,2021/22,Augsburg,14,38,34,1.1176,10,8,16,39,56,-17,38,0
Bundesliga,Germany,2021/22,Stuttgart,15,33,34,0.9706,7,12,15,41,59,-18,33,0
Bundesliga,Germany,2021/22,Hertha,16,33,34,0.9706,9,6,19,37,71,-34,33,0
Bundesliga,Germany,2021/22,Bielefeld,17,28,34,0.8235,5,13,16,27,53,-26,28,0
Bundesliga,Germany,2021/22,Greuther Furth,18,18,34,0.5294,3,9,22,28,82,-54,18,0
Bundesliga,Germany,2022/23,Bayern Munich,1,71,34,2.0882,21,8,5,92,38,54,71,0
Bundesliga,Germany,2022/23,Dortmund,2,71,34,2.0882,22,5,7,83,44,39,71,0
Bundesliga,Germany,2022/23,RB Leipzig,3,66,34,1.9412,20,6,8,64,41,23,66,0
Bundesliga,Germany,2022/23,Union Berlin,4,62,34,1.8235,18,8,8,51,38,13,62,0
Bundesliga,Germany,2022/23,Freiburg,5,59,34,1.7353,17,8,9,51,44,7,59,0
Bundesliga,Germany,2022/23,Leverkusen,6,50,34,1.4706,14,8,12,57,49,8,50,0
Bundesliga,Germany,2022/23,Ein Frankfurt,7,50,34,1.4706,13,11,10,58,52,6,50,0
Bundesliga,Germany,2022/23,Wolfsburg,8,49,34,1.4412,13,10,11,57,48,9,49,0
Bundesliga,Germany,2022/23,Mainz,9,46,34,1.3529,12,10,12,54,55,-1,46,0
Bundesliga,Germany,2022/23,M'gladbach,10,43,34,1.2647,11,10,13,52,55,-3,43,0
Bundesliga,Germany,2022/23,FC Koln,11,42,34,1.2353,10,12,12,49,54,-5,42,0
Bundesliga,Germany,2022/23,Hoffenheim,12,36,34,1.0588,10,6,18,48,57,-9,36,0
Bundesliga,Germany,2022/23,Werder Bremen,13,36,34,1.0588,10,6,18,51,64,-13,36,0
Bundesliga,Germany,2022/23,Bochum,14,35,34,1.0294,10,5,19,40,72,-32,35,0
Bundesliga,Germany,2022/23,Augsburg,15,34,34,1.0,9,7,18,42,63,-21,34,0
Bundesliga,Germany,2022/23,Stuttgart,16,33,34,0.9706,7,12,15,45,57,-12,33,0
Bundesliga,Germany,2022/23,Schalke 04,17,31,34,0.9118,7,10,17,35,71,-36,31,0
Bundesliga,Germany,2022/23,Hertha,18,29,34,0.8529,7,8,19,42,69,-27,29,0
Bundesliga,Germany,2023/24,Leverkusen,1,90,34,2.6471,28,6,0,89,24,65,90,0
Bundesliga,Germany,2023/24,Stuttgart,2,73,34,2.1471,23,4,7,78,39,39,73,0
Bundesliga,Germany,2023/24,Bayern Munich,3,72,34,2.1176,23,3,8,94,45,49,72,0
Bundesliga,Germany,2023/24,RB Leipzig,4,65,34,1.9118,19,8,7,77,39,38,65,0
Bundesliga,Germany,2023/24,Dortmund,5,63,34,1.8529,18,9,7,68,43,25,63,0
Bundesliga,Germany,2023/24,Ein Frankfurt,6,47,34,1.3824,11,14,9,51,50,1,47,0
Bundesliga,Germany,2023/24,Hoffenheim,7,46,34,1.3529,13,7,14,66,66,0,46,0
Bundesliga,Germany,2023/24,Heidenheim,8,42,34,1.2353,10,12,12,50,55,-5,42,0
Bundesliga,Germany,2023/24,Werder Bremen,9,42,34,1.2353,11,9,14,48,54,-6,42,0
Bundesliga,Germany,2023/24,Freiburg,10,42,34,1.2353,11,9,14,45,58,-13,42,0
Bundesliga,Germany,2023/24,Augsburg,11,39,34,1.1471,10,9,15,50,60,-10,39,0
Bundesliga,Germany,2023/24,Wolfsburg,12,37,34,1.0882,10,7,17,41,56,-15,37,0
Bundesliga,Germany,2023/24,Mainz,13,35,34,1.0294,7,14,13,39,51,-12,35,0
Bundesliga,Germany,2023/24,M'gladbach,14,34,34,1.0,7,13,14,56,67,-11,34,0
Bundesliga,Germany,2023/24,Union Berlin,15,33,34,0.9706,9,6,19,33,58,-25,33,0
Bundesliga,Germany,2023/24,Bochum,16,33,34,0.9706,7,12,15,42,74,-32,33,0
Bundesliga,Germany,2023/24,FC Koln,17,27,34,0.7941,5,12,17,28,60,-32,27,0
Bundesliga,Germany,2023/24,Darmstadt,18,17,34,0.5,3,8,23,30,86,-56,17,0
Bundesliga,Germany,2024/25,Bayern Munich,1,82,34,2.4118,25,7,2,99,32,67,82,0
Bundesliga,Germany,2024/25,Leverkusen,2,69,34,2.0294,19,12,3,72,43,29,69,0
Bundesliga,Germany,2024/25,Ein Frankfurt,3,60,34,1.7647,17,9,8,68,46,22,60,0
Bundesliga,Germany,2024/25,Dortmund,4,57,34,1.6765,17,6,11,71,51,20,57,0
Bundesliga,Germany,2024/25,Freiburg,5,55,34,1.6176,16,7,11,49,53,-4,55,0
Bundesliga,Germany,2024/25,Mainz,6,52,34,1.5294,14,10,10,55,43,12,52,0
Bundesliga,Germany,2024/25,RB Leipzig,7,51,34,1.5,13,12,9,53,48,5,51,0
Bundesliga,Germany,2024/25,Werder Bremen,8,51,34,1.5,14,9,11,54,57,-3,51,0
Bundesliga,Germany,2024/25,Stuttgart,9,50,34,1.4706,14,8,12,64,53,11,50,0
Bundesliga,Germany,2024/25,M'gladbach,10,45,34,1.3235,13,6,15,55,57,-2,45,0
Bundesliga,Germany,2024/25,Wolfsburg,11,43,34,1.2647,11,10,13,56,54,2,43,0
Bundesliga,Germany,2024/25,Augsburg,12,43,34,1.2647,11,10,13,35,51,-16,43,0
Bundesliga,Germany,2024/25,Union Berlin,13,40,34,1.1765,10,10,14,35,51,-16,40,0
Bundesliga,Germany,2024/25,St Pauli,14,32,34,0.9412,8,8,18,28,41,-13,32,0
Bundesliga,Germany,2024/25,Hoffenheim,15,32,34,0.9412,7,11,16,46,68,-22,32,0
Bundesliga,Germany,2024/25,Heidenheim,16,29,34,0.8529,8,5,21,37,64,-27,29,0
Bundesliga,Germany,2024/25,Holstein Kiel,17,25,34,0.7353,6,7,21,49,80,-31,25,0
Bundesliga,Germany,2024/25,Bochum,18,25,34,0.7353,6,7,21,33,67,-34,25,0
Eredivisie,Netherlands,2015/16,PSV Eindhoven,1,84,34,2.4706,26,6,2,88,32,56,84,0
Eredivisie,Netherlands,2015/16,Ajax,2,82,34,2.4118,25,7,2,81,21,60,82,0
Eredivisie,Netherlands,2015/16,Feyenoord,3,63,34,1.8529,19,6,9,62,40,22,63,0
Eredivisie,Netherlands,2015/16,AZ Alkmaar,4,59,34,1.7353,18,5,11,70,53,17,59,0
Eredivisie,Netherlands,2015/16,Utrecht,5,53,34,1.5588,15,8,11,57,48,9,53,0
Eredivisie,Netherlands,2015/16,Heracles,6,51,34,1.5,14,9,11,47,49,-2,51,0
Eredivisie,Netherlands,2015/16,Groningen,7,50,34,1.4706,14,8,12,41,48,-7,50,0
Eredivisie,Netherlands,2015/16,Zwolle,8,48,34,1.4118,14,6,14,56,54,2,48,0
Eredivisie,Netherlands,2015/16,Vitesse,9,46,34,1.3529,12,10,12,55,38,17,46,0
Eredivisie,Netherlands,2015/16,Nijmegen,10,46,34,1.3529,13,7,14,37,42,-5,46,0
Eredivisie,Netherlands,2015/16,Den Haag,11,43,34,1.2647,10,13,11,48,49,-1,43,0
Eredivisie,Netherlands,2015/16,Heerenveen,12,42,34,1.2353,11,9,14,46,61,-15,42,0
Eredivisie,Netherlands,2015/16,Twente,13,40,34,1.1765,12,7,15,49,64,-15,43,-3
Eredivisie,Netherlands,2015/16,Roda,14,34,34,1.0,8,10,16,34,55,-21,34,0
Eredivisie,Netherlands,2015/16,Excelsior,15,30,34,0.8824,7,9,18,34,60,-26,30,0
Eredivisie,Netherlands,2015/16,Willem II,16,29,34,0.8529,6,11,17,35,53,-18,29,0
Eredivisie,Netherlands,2015/16,Graafschap,17,23,34,0.6765,5,8,21,39,66,-27,23,0
Eredivisie,Netherlands,2015/16,Cambuur,18,18,34,0.5294,3,9,22,33,79,-46,18,0
Eredivisie,Netherlands,2016/17,Feyenoord,1,82,34,2.4118,26,4,4,86,25,61,82,0
Eredivisie,Netherlands,2016/17,Ajax,2,81,34,2.3824,25,6,3,79,23,56,81,0
Eredivisie,Netherlands,2016/17,PSV Eindhoven,3,76,34,2.2353,22,10,2,68,23,45,76,0
Eredivisie,Netherlands,2016/17,Utrecht,4,62,34,1.8235,18,8,8,54,38,16,62,0
Eredivisie,Netherlands,2016/17,Vitesse,5,51,34,1.5,15,6,13,51,40,11,51,0
Eredivisie,Netherlands,2016/17,AZ Alkmaar,6,49,34,1.4412,12,13,9,56,52,4,49,0
Eredivisie,Netherlands,2016/17,Twente,7,45,34,1.3235,12,9,13,48,50,-2,45,0
Eredivisie,Netherlands,2016/17,Groningen,8,43,34,1.2647,10,13,11,55,51,4,43,0
Eredivisie,Netherlands,2016/17,Heerenveen,9,43,34,1.2647,12,7,15,54,53,1,43,0
Eredivisie,Netherlands,2016/17,Heracles,10,43,34,1.2647,12,7,15,53,55,-2,43,0
Eredivisie,Netherlands,2016/17,Den Haag,11,38,34,1.1176,11,5,18,37,59,-22,38,0
Eredivisie,Netherlands,2016/17,Excelsior,12,37,34,1.0882,9,10,15,43,60,-17,37,0
Eredivisie,Netherlands,2016/17,Willem II,13,36,34,1.0588,9,9,16,29,44,-15,36,0
Eredivisie,Netherlands,2016/17,Zwolle,14,35,34,1.0294,9,8,17,39,67,-28,35,0
Eredivisie,Netherlands,2016/17,Sparta Rotterdam,15,34,34,1.0,9,7,18,42,61,-19,34,0
Eredivisie,Netherlands,2016/17,Nijmegen,16,34,34,1.0,9,7,18,32,59,-27,34,0
Eredivisie,Netherlands,2016/17,Roda,17,33,34,0.9706,7,12,15,26,51,-25,33,0
Eredivisie,Netherlands,2016/17,Go Ahead Eagles,18,23,34,0.6765,6,5,23,32,73,-41,23,0
Eredivisie,Netherlands,2017/18,PSV Eindhoven,1,83,34,2.4412,26,5,3,87,39,48,83,0
Eredivisie,Netherlands,2017/18,Ajax,2,79,34,2.3235,25,4,5,89,33,56,79,0
Eredivisie,Netherlands,2017/18,AZ Alkmaar,3,71,34,2.0882,22,5,7,72,38,34,71,0
Eredivisie,Netherlands,2017/18,Feyenoord,4,66,34,1.9412,20,6,8,76,39,37,66,0
Eredivisie,Netherlands,2017/18,Utrecht,5,54,34,1.5882,14,12,8,58,53,5,54,0
Eredivisie,Netherlands,2017/18,Vitesse,6,49,34,1.4412,13,10,11,63,47,16,49,0
Eredivisie,Netherlands,2017/18,Den Haag,7,47,34,1.3824,13,8,13,45,53,-8,47,0
Eredivisie,Netherlands,2017/18,Heerenveen,8,46,34,1.3529,12,10,12,48,53,-5,46,0
Eredivisie,Netherlands,2017/18,Zwolle,9,44,34,1.2941,12,8,14,42,54,-12,44,0
Eredivisie,Netherlands,2017/18,Heracles,10,42,34,1.2353,11,9,14,50,64,-14,42,0
Eredivisie,Netherlands,2017/18,Excelsior,11,40,34,1.1765,11,7,16,41,56,-15,40,0
Eredivisie,Netherlands,2017/18,Groningen,12,38,34,1.1176,8,14,12,50,50,0,38,0
Eredivisie,Netherlands,2017/18,Willem II,13,37,34,1.0882,10,7,17,50,63,-13,37,0
Eredivisie,Netherlands,2017/18,NAC Breda,14,34,34,1.0,9,7,18,41,57,-16,34,0
Eredivisie,Netherlands,2017/18,VVV Venlo,15,34,34,1.0,7,13,14,35,54,-19,34,0
Eredivisie,Netherlands,2017/18,Roda,16,30,34,0.8824,8,6,20,42,69,-27,30,0
Eredivisie,Netherlands,2017/18,Sparta Rotterdam,17,27,34,0.7941,7,6,21,34,75,-41,27,0
Eredivisie,Netherlands,2017/18,Twente,18,24,34,0.7059,5,9,20,37,63,-26,24,0
Eredivisie,Netherlands,2018/19,Ajax,1,86,34,2.5294,28,2,4,119,32,87,86,0
Eredivisie,Netherlands,2018/19,PSV Eindhoven,2,83,34,2.4412,26,5,3,98,26,72,83,0
Eredivisie,Netherlands,2018/19,Feyenoord,3,65,34,1.9118,20,5,9,75,41,34,65,0
Eredivisie,Netherlands,2018/19,AZ Alkmaar,4,58,34,1.7059,17,7,10,64,43,21,58,0
Eredivisie,Netherlands,2018/19,Vitesse,5,53,34,1.5588,14,11,9,70,51,19,53,0
Eredivisie,Netherlands,2018/19,Utrecht,6,53,34,1.5588,15,8,11,60,51,9,53,0
Eredivisie,Netherlands,2018/19,Heracles,7,48,34,1.4118,15,3,16,61,68,-7,48,0
Eredivisie,Netherlands,2018/19,Groningen,8,45,34,1.3235,13,6,15,39,41,-2,45,0
Eredivisie,Netherlands,2018/19,Den Haag,9,45,34,1.3235,12,9,13,58,63,-5,45,0
Eredivisie,Netherlands,2018/19,Willem II,10,44,34,1.2941,13,5,16,58,72,-14,44,0
Eredivisie,Netherlands,2018/19,Heerenveen,11,41,34,1.2059,10,11,13,64,73,-9,41,0
Eredivisie,Netherlands,2018/19,VVV Venlo,12,41,34,1.2059,11,8,15,47,63,-16,41,0
Eredivisie,Netherlands,2018/19,Zwolle,13,39,34,1.1471,11,6,17,44,57,-13,39,0
Eredivisie,Netherlands,2018/19,FC Emmen,14,38,34,1.1176,10,8,16,41,72,-31,38,0
Eredivisie,Netherlands,2018/19,For Sittard,15,34,34,1.0,9,7,18,50,80,-30,34,0
Eredivisie,Netherlands,2018/19,Excelsior,16,33,34,0.9706,9,6,19,46,79,-33,33,0
Eredivisie,Netherlands,2018/19,Graafschap,17,29,34,0.8529,8,5,21,38,75,-37,29,0
Eredivisie,Netherlands,2018/19,NAC Breda,18,23,34,0.6765,5,8,21,29,74,-45,23,0
Eredivisie,Netherlands,2019/20,Ajax,1,56,25,2.24,18,2,5,68,23,45,56,0
Eredivisie,Netherlands,2019/20,AZ Alkmaar,2,56,25,2.24,18,2,5,54,17,37,56,0
Eredivisie,Netherlands,2019/20,Feyenoord,3,50,25,2.0,14,8,3,50,35,15,50,0
Eredivisie,Netherlands,2019/20,PSV Eindhoven,4,49,26,1.8846,14,7,5,54,28,26,49,0
Eredivisie,Netherlands,2019/20,Willem II,5,44,26,1.6923,13,5,8,37,34,3,44,0
Eredivisie,Netherlands,2019/20,Utrecht,6,41,25,1.64,12,5,8,50,34,16,41,0
Eredivisie,Netherlands,2019/20,Vitesse,7,41,26,1.5769,12,5,9,45,35,10,41,0
Eredivisie,Netherlands,2019/20,Heracles,8,36,26,1.3846,10,6,10,40,34,6,36,0
Eredivisie,Netherlands,2019/20,Groningen,9,35,26,1.3462,10,5,11,27,26,1,35,0
Eredivisie,Netherlands,2019/20,Heerenveen,10,33,26,1.2692,8,9,9,41,41,0,33,0
Eredivisie,Netherlands,2019/20,Sparta Rotterdam,11,33,26,1.2692,9,6,11,41,45,-4,33,0
Eredivisie,Netherlands,2019/20,FC Emmen,12,32,26,1.2308,9,5,12,32,45,-13,32,0
Eredivisie,Netherlands,2019/20,VVV Venlo,13,28,26,1.0769,8,4,14,24,51,-27,28,0
Eredivisie,Netherlands,2019/20,Twente,14,27,26,1.0385,7,6,13,34,46,-12,27,0
Eredivisie,Netherlands,2019/20,Zwolle,15,26,26,1.0,7,5,14,37,55,-18,26,0
Eredivisie,Netherlands,2019/20,For Sittard,16,26,26,1.0,6,8,12,29,52,-23,26,0
Eredivisie,Netherlands,2019/20,Den Haag,17,19,26,0.7308,4,7,15,25,54,-29,19,0
Eredivisie,Netherlands,2019/20,Waalwijk,18,15,26,0.5769,4,3,19,27,60,-33,15,0
Eredivisie,Netherlands,2020/21,Ajax,1,88,34,2.5882,28,4,2,102,23,79,88,0
Eredivisie,Netherlands,2020/21,PSV Eindhoven,2,72,34,2.1176,21,9,4,74,35,39,72,0
Eredivisie,Netherlands,2020/21,AZ Alkmaar,3,71,34,2.0882,21,8,5,75,41,34,71,0
Eredivisie,Netherlands,2020/21,Vitesse,4,61,34,1.7941,18,7,9,52,38,14,61,0
Eredivisie,Netherlands,2020/21,Feyenoord,5,59,34,1.7353,16,11,7,64,36,28,59,0
Eredivisie,Netherlands,2020/21,Utrecht,6,53,34,1.5588,13,14,7,52,41,11,53,0
Eredivisie,Netherlands,2020/21,Groningen,7,50,34,1.4706,14,8,12,40,37,3,50,0
Eredivisie,Netherlands,2020/21,Sparta Rotterdam,8,47,34,1.3824,13,8,13,49,48,1,47,0
Eredivisie,Netherlands,2020/21,Heracles,9,44,34,1.2941,12,8,14,42,53,-11,44,0
Eredivisie,Netherlands,2020/21,Twente,10,41,34,1.2059,10,11,13,48,50,-2,41,0
Eredivisie,Netherlands,2020/21,For Sittard,11,41,34,1.2059,12,5,17,50,58,-8,41,0
Eredivisie,Netherlands,2020/21,Heerenveen,12,39,34,1.1471,9,12,13,43,49,-6,39,0
Eredivisie,Netherlands,2020/21,Zwolle,13,38,34,1.1176,9,11,14,44,53,-9,38,0
Eredivisie,Netherlands,2020/21,Willem II,14,31,34,0.9118,8,7,19,40,68,-28,31,0
Eredivisie,Netherlands,2020/21,Waalwijk,15,30,34,0.8824,7,9,18,33,55,-22,30,0
Eredivisie,Netherlands,2020/21,FC Emmen,16,30,34,0.8824,7,9,18,40,68,-28,30,0
Eredivisie,Netherlands,2020/21,VVV Venlo,17,23,34,0.6765,6,5,23,43,91,-48,23,0
Eredivisie,Netherlands,2020/21,Den Haag,18,22,34,0.6471,4,10,20,29,76,-47,22,0
Eredivisie,Netherlands,2021/22,Ajax,1,83,34,2.4412,26,5,3,98,19,79,83,0
Eredivisie,Netherlands,2021/22,PSV Eindhoven,2,81,34,2.3824,26,3,5,86,42,44,81,0
Eredivisie,Netherlands,2021/22,Feyenoord,3,71,34,2.0882,22,5,7,76,34,42,71,0
Eredivisie,Netherlands,2021/22,Twente,4,68,34,2.0,20,8,6,55,37,18,68,0
Eredivisie,Netherlands,2021/22,AZ Alkmaar,5,61,34,1.7941,18,7,9,64,44,20,61,0
Eredivisie,Netherlands,2021/22,Vitesse,6,51,34,1.5,15,6,13,42,51,-9,51,0
Eredivisie,Netherlands,2021/22,Utrecht,7,47,34,1.3824,12,11,11,51,46,5,47,0
Eredivisie,Netherlands,2021/22,Heerenveen,8,41,34,1.2059,11,8,15,37,50,-13,41,0
Eredivisie,Netherlands,2021/22,Cambuur,9,39,34,1.1471,11,6,17,53,70,-17,39,0
Eredivisie,Netherlands,2021/22,Waalwijk,10,38,34,1.1176,9,11,14,40,51,-11,38,0
Eredivisie,Netherlands,2021/22,Nijmegen,11,38,34,1.1176,10,8,16,38,52,-14,38,0
Eredivisie,Netherlands,2021/22,Groningen,12,36,34,1.0588,9,9,16,41,55,-14,36,0
Eredivisie,Netherlands,2021/22,Go Ahead Eagles,13,36,34,1.0588,10,6,18,37,51,-14,36,0
Eredivisie,Netherlands,2021/22,Sparta Rotterdam,14,35,34,1.0294,8,11,15,30,48,-18,35,0
Eredivisie,Netherlands,2021/22,For Sittard,15,35,34,1.0294,10,5,19,36,67,-31,35,0
Eredivisie,Netherlands,2021/22,Heracles,16,34,34,1.0,9,7,18,33,49,-16,34,0
Eredivisie,Netherlands,2021/22,Willem II,17,33,34,0.9706,9,6,19,32,57,-25,33,0
Eredivisie,Netherlands,2021/22,Zwolle,18,27,34,0.7941,7,6,21,26,52,-26,27,0
Eredivisie,Netherlands,2022/23,Feyenoord,1,82,34,2.4118,25,7,2,81,30,51,82,0
Eredivisie,Netherlands,2022/23,PSV Eindhoven,2,75,34,2.2059,23,6,5,89,40,49,75,0
Eredivisie,Netherlands,2022/23,Ajax,3,69,34,2.0294,20,9,5,86,38,48,69,0
Eredivisie,Netherlands,2022/23,AZ Alkmaar,4,67,34,1.9706,20,7,7,68,35,33,67,0
Eredivisie,Netherlands,2022/23,Twente,5,64,34,1.8824,18,10,6,66,27,39,64,0
Eredivisie,Netherlands,2022/23,Sparta Rotterdam,6,59,34,1.7353,17,8,9,60,37,23,59,0
Eredivisie,Netherlands,2022/23,Utrecht,7,54,34,1.5882,15,9,10,55,50,5,54,0
Eredivisie,Netherlands,2022/23,Heerenveen,8,46,34,1.3529,12,10,12,44,50,-6,46,0
Eredivisie,Netherlands,2022/23,Waalwijk,9,41,34,1.2059,11,8,15,50,64,-14,41,0
Eredivisie,Netherlands,2022/23,Vitesse,10,40,34,1.1765,10,10,14,45,50,-5,40,0
Eredivisie,Netherlands,2022/23,Go Ahead Eagles,11,40,34,1.1765,10,10,14,46,56,-10,40,0
Eredivisie,Netherlands,2022/23,Nijmegen,12,39,34,1.1471,8,15,11,42,45,-3,39,0
Eredivisie,Netherlands,2022/23,For Sittard,13,36,34,1.0588,10,6,18,39,62,-23,36,0
Eredivisie,Netherlands,2022/23,Volendam,14,36,34,1.0588,10,6,18,42,71,-29,36,0
Eredivisie,Netherlands,2022/23,Excelsior,15,32,34,0.9412,9,5,20,32,71,-39,32,0
Eredivisie,Netherlands,2022/23,FC Emmen,16,28,34,0.8235,6,10,18,33,65,-32,28,0
Eredivisie,Netherlands,2022/23,Cambuur,17,19,34,0.5588,5,4,25,26,69,-43,19,0
Eredivisie,Netherlands,2022/23,Groningen,18,18,34,0.5294,4,6,24,31,75,-44,18,0
Eredivisie,Netherlands,2023/24,PSV Eindhoven,1,91,34,2.6765,29,4,1,111,21,90,91,0
Eredivisie,Netherlands,2023/24,Feyenoord,2,84,34,2.4706,26,6,2,92,26,66,84,0
Eredivisie,Netherlands,2023/24,Twente,3,69,34,2.0294,21,6,7,69,36,33,69,0
Eredivisie,Netherlands,2023/24,AZ Alkmaar,4,65,34,1.9118,19,8,7,70,39,31,65,0
Eredivisie,Netherlands,2023/24,Ajax,5,56,34,1.6471,15,11,8,74,61,13,56,0
Eredivisie,Netherlands,2023/24,Nijmegen,6,53,34,1.5588,14,11,9,68,51,17,53,0
Eredivisie,Netherlands,2023/24,Utrecht,7,50,34,1.4706,13,11,10,49,47,2,50,0
Eredivisie,Netherlands,2023/24,Sparta Rotterdam,8,49,34,1.4412,14,7,13,51,48,3,49,0
Eredivisie,Netherlands,2023/24,Go Ahead Eagles,9,46,34,1.3529,12,10,12,47,46,1,46,0
Eredivisie,Netherlands,2023/24,For Sittard,10,38,34,1.1176,9,11,14,37,56,-19,38,0
Eredivisie,Netherlands,2023/24,Heerenveen,11,37,34,1.0882,10,7,17,53,70,-17,37,0
Eredivisie,Netherlands,2023/24,Zwolle,12,36,34,1.0588,9,9,16,45,67,-22,36,0
Eredivisie,Netherlands,2023/24,Almere City,13,34,34,1.0,7,13,14,33,59,-26,34,0
Eredivisie,Netherlands,2023/24,Heracles,14,33,34,0.9706,9,6,19,41,74,-33,33,0
Eredivisie,Netherlands,2023/24,Waalwijk,15,29,34,0.8529,7,8,19,38,56,-18,29,0
Eredivisie,Netherlands,2023/24,Excelsior,16,29,34,0.8529,6,11,17,50,73,-23,29,0
Eredivisie,Netherlands,2023/24,Volendam,17,19,34,0.5588,4,7,23,34,88,-54,19,0
Eredivisie,Netherlands,2023/24,Vitesse,18,6,34,0.1765,6,6,22,30,74,-44,24,-18
Eredivisie,Netherlands,2024/25,PSV Eindhoven,1,79,34,2.3235,25,4,5,103,39,64,79,0
Eredivisie,Netherlands,2024/25,Ajax,2,78,34,2.2941,24,6,4,67,32,35,78,0
Eredivisie,Netherlands,2024/25,Feyenoord,3,68,34,2.0,20,8,6,76,38,38,68,0
Eredivisie,Netherlands,2024/25,FC Utrecht,4,64,34,1.8824,18,10,6,62,45,17,64,0
Eredivisie,Netherlands,2024/25,AZ Alkmaar,5,57,34,1.6765,16,9,9,58,37,21,57,0
Eredivisie,Netherlands,2024/25,FC Twente,6,54,34,1.5882,15,9,10,62,49,13,54,0
Eredivisie,Netherlands,2024/25,Go Ahead Eagles,7,51,34,1.5,14,9,11,57,55,2,51,0
Eredivisie,Netherlands,2024/25,NEC,8,43,34,1.2647,12,7,15,51,46,5,43,0
Eredivisie,Netherlands,2024/25,Heerenveen,9,43,34,1.2647,12,7,15,42,57,-15,43,0
Eredivisie,Netherlands,2024/25,PEC Zwolle,10,41,34,1.2059,10,11,13,43,51,-8,41,0
Eredivisie,Netherlands,2024/25,Fortuna Sittard,11,41,34,1.2059,11,8,15,37,54,-17,41,0
Eredivisie,Netherlands,2024/25,Sparta Rotterdam,12,39,34,1.1471,9,12,13,39,43,-4,39,0
Eredivisie,Netherlands,2024/25,Groningen,13,39,34,1.1471,10,9,15,40,53,-13,39,0
Eredivisie,Netherlands,2024/25,Heracles,14,38,34,1.1176,9,11,14,42,63,-21,38,0
Eredivisie,Netherlands,2024/25,NAC Breda,15,33,34,0.9706,8,9,17,34,58,-24,33,0
Eredivisie,Netherlands,2024/25,Willem II,16,26,34,0.7647,6,8,20,34,56,-22,26,0
Eredivisie,Netherlands,2024/25,RKC Waalwijk,17,25,34,0.7353,6,7,21,44,74,-30,25,0
Eredivisie,Netherlands,2024/25,Almere City,18,22,34,0.6471,4,10,20,23,64,-41,22,0
La Liga,Spain,2015/16,Barcelona,1,91,38,2.3947,29,4,5,112,29,83,91,0
La Liga,Spain,2015/16,Real Madrid,2,90,38,2.3684,28,6,4,110,34,76,90,0
La Liga,Spain,2015/16,Ath Madrid,3,88,38,2.3158,28,4,6,63,18,45,88,0
La Liga,Spain,2015/16,Villarreal,4,64,38,1.6842,18,10,10,44,35,9,64,0
La Liga,Spain,2015/16,Ath Bilbao,5,62,38,1.6316,18,8,12,58,45,13,62,0
La Liga,Spain,2015/16,Celta,6,60,38,1.5789,17,9,12,51,59,-8,60,0
La Liga,Spain,2015/16,Sevilla,7,52,38,1.3684,14,10,14,51,50,1,52,0
La Liga,Spain,2015/16,Malaga,8,48,38,1.2632,12,12,14,38,35,3,48,0
La Liga,Spain,2015/16,Sociedad,9,48,38,1.2632,13,9,16,45,48,-3,48,0
La Liga,Spain,2015/16,Betis,10,45,38,1.1842,11,12,15,34,52,-18,45,0
La Liga,Spain,2015/16,Las Palmas,11,44,38,1.1579,12,8,18,45,53,-8,44,0
La Liga,Spain,2015/16,Valencia,12,44,38,1.1579,11,11,16,46,48,-2,44,0
La Liga,Spain,2015/16,Espanol,13,43,38,1.1316,12,7,19,40,74,-34,43,0
La Liga,Spain,2015/16,Eibar,14,43,38,1.1316,11,10,17,49,61,-12,43,0
La Liga,Spain,2015/16,La Coruna,15,42,38,1.1053,8,18,12,45,61,-16,42,0
La Liga,Spain,2015/16,Granada,16,39,38,1.0263,10,9,19,46,69,-23,39,0
La Liga,Spain,2015/16,Sp Gijon,17,39,38,1.0263,10,9,19,40,62,-22,39,0
La Liga,Spain,2015/16,Vallecano,18,38,38,1.0,9,11,18,52,73,-21,38,0
La Liga,Spain,2015/16,Getafe,19,36,38,0.9474,9,9,20,37,67,-30,36,0
La Liga,Spain,2015/16,Levante,20,32,38,0.8421,8,8,22,37,70,-33,32,0
La Liga,Spain,2016/17,Real Madrid,1,93,38,2.4474,29,6,3,106,41,65,93,0
La Liga,Spain,2016/17,Barcelona,2,90,38,2.3684,28,6,4,116,37,79,90,0
La Liga,Spain,2016/17,Ath Madrid,3,78,38,2.0526,23,9,6,70,27,43,78,0
La Liga,Spain,2016/17,Sevilla,4,72,38,1.8947,21,9,8,69,49,20,72,0
La Liga,Spain,2016/17,Villarreal,5,67,38,1.7632,19,10,9,56,33,23,67,0
La Liga,Spain,2016/17,Sociedad,6,64,38,1.6842,19,7,12,59,53,6,64,0
La Liga,Spain,2016/17,Ath Bilbao,7,63,38,1.6579,19,6,13,53,43,10,63,0
La Liga,Spain,2016/17,Espanol,8,56,38,1.4737,15,11,12,49,50,-1,56,0
La Liga,Spain,2016/17,Alaves,9,55,38,1.4474,14,13,11,41,43,-2,55,0
La Liga,Spain,2016/17,Eibar,10,54,38,1.4211,15,9,14,56,51,5,54,0
La Liga,Spain,2016/17,Malaga,11,46,38,1.2105,12,10,16,49,55,-6,46,0
La Liga,Spain,2016/17,Valencia,12,46,38,1.2105,13,7,18,56,65,-9,46,0
La Liga,Spain,2016/17,Celta,13,45,38,1.1842,13,6,19,53,69,-16,45,0
La Liga,Spain,2016/17,Las Palmas,14,39,38,1.0263,10,9,19,53,74,-21,39,0
La Liga,Spain,2016/17,Betis,15,39,38,1.0263,10,9,19,41,64,-23,39,0
La Liga,Spain,2016/17,La Coruna,16,36,38,0.9474,8,12,18,43,61,-18,36,0
La Liga,Spain,2016/17,Leganes,17,35,38,0.9211,8,11,19,36,55,-19,35,0
La Liga,Spain,2016/17,Sp Gijon,18,31,38,0.8158,7,10,21,42,72,-30,31,0
La Liga,Spain,2016/17,Osasuna,19,22,38,0.5789,4,10,24,40,94,-54,22,0
La Liga,Spain,2016/17,Granada,20,20,38,0.5263,4,8,26,30,82,-52,20,0
La Liga,Spain,2017/18,Barcelona,1,93,38,2.4474,28,9,1,99,29,70,93,0
La Liga,Spain,2017/18,Ath Madrid,2,79,38,2.0789,23,10,5,58,22,36,79,0
La Liga,Spain,2017/18,Real Madrid,3,76,38,2.0,22,10,6,94,44,50,76,0
La Liga,Spain,2017/18,Valencia,4,73,38,1.9211,22,7,9,65,38,27,73,0
La Liga,Spain,2017/18,Villarreal,5,61,38,1.6053,18,7,13,57,50,7,61,0
La Liga,Spain,2017/18,Betis,6,60,38,1.5789,18,6,14,60,61,-1,60,0
La Liga,Spain,2017/18,Sevilla,7,58,38,1.5263,17,7,14,49,58,-9,58,0
La Liga,Spain,2017/18,Getafe,8,55,38,1.4474,15,10,13,42,33,9,55,0
La Liga,Spain,2017/18,Eibar,9,51,38,1.3421,14,9,15,44,50,-6,51,0
La Liga,Spain,2017/18,Girona,10,51,38,1.3421,14,9,15,50,59,-9,51,0
La Liga,Spain,2017/18,Espanol,11,49,38,1.2895,12,13,13,36,42,-6,49,0
La Liga,Spain,2017/18,Sociedad,12,49,38,1.2895,14,7,17,66,59,7,49,0
La Liga,Spain,2017/18,Celta,13,49,38,1.2895,13,10,15,59,60,-1,49,0
La Liga,Spain,2017/18,Alaves,14,47,38,1.2368,15,2,21,40,50,-10,47,0
La Liga,Spain,2017/18,Levante,15,46,38,1.2105,11,13,14,44,58,-14,46,0
La Liga,Spain,2017/18,Ath Bilbao,16,43,38,1.1316,10,13,15,41,49,-8,43,0
La Liga,Spain,2017/18,Leganes,17,43,38,1.1316,12,7,19,34,51,-17,43,0
La Liga,Spain,2017/18,La Coruna,18,29,38,0.7632,6,11,21,38,76,-38,29,0
La Liga,Spain,2017/18,Las Palmas,19,22,38,0.5789,5,7,26,24,74,-50,22,0
La Liga,Spain,2017/18,Malaga,20,20,38,0.5263,5,5,28,24,61,-37,20,0
La Liga,Spain,2018/19,Barcelona,1,87,38,2.2895,26,9,3,90,36,54,87,0
La Liga,Spain,2018/19,Ath Madrid,2,76,38,2.0,22,10,6,55,29,26,76,0
La Liga,Spain,2018/19,Real Madrid,3,68,38,1.7895,21,5,12,63,46,17,68,0
La Liga,Spain,2018/19,Valencia,4,61,38,1.6053,15,16,7,51,35,16,61,0
La Liga,Spain,2018/19,Getafe,5,59,38,1.5526,15,14,9,48,35,13,59,0
La Liga,Spain,2018/19,Sevilla,6,59,38,1.5526,17,8,13,62,47,15,59,0
La Liga,Spain,2018/19,Espanol,7,53,38,1.3947,14,11,13,48,50,-2,53,0
La Liga,Spain,2018/19,Ath Bilbao,8,53,38,1.3947,13,14,11,41,45,-4,53,0
La Liga,Spain,2018/19,Sociedad,9,50,38,1.3158,13,11,14,45,46,-1,50,0
La Liga,Spain,2018/19,Betis,10,50,38,1.3158,14,8,16,44,52,-8,50,0
La Liga,Spain,2018/19,Alaves,11,50,38,1.3158,13,11,14,39,50,-11,50,0
La Liga,Spain,2018/19,Eibar,12,47,38,1.2368,11,14,13,46,50,-4,47,0
La Liga,Spain,2018/19,Leganes,13,45,38,1.1842,11,12,15,37,43,-6,45,0
La Liga,Spain,2018/19,Villarreal,14,44,38,1.1579,10,14,14,49,52,-3,44,0
La Liga,Spain,2018/19,Levante,15,44,38,1.1579,11,11,16,59,66,-7,44,0
La Liga,Spain,2018/19,Valladolid,16,41,38,1.0789,10,11,17,32,51,-19,41,0
La Liga,Spain,2018/19,Celta,17,41,38,1.0789,10,11,17,53,62,-9,41,0
La Liga,Spain,2018/19,Girona,18,37,38,0.9737,9,10,19,37,53,-16,37,0
La Liga,Spain,2018/19,Huesca,19,33,38,0.8684,7,12,19,43,65,-22,33,0
La Liga,Spain,2018/19,Vallecano,20,32,38,0.8421,8,8,22,41,70,-29,32,0
La Liga,Spain,2019/20,Real Madrid,1,87,38,2.2895,26,9,3,70,25,45,87,0
La Liga,Spain,2019/20,Barcelona,2,82,38,2.1579,25,7,6,86,38,48,82,0
La Liga,Spain,2019/20,Ath Madrid,3,70,38,1.8421,18,16,4,51,27,24,70,0
La Liga,Spain,2019/20,Sevilla,4,70,38,1.8421,19,13,6,54,34,20,70,0
La Liga,Spain,2019/20,Villarreal,5,60,38,1.5789,18,6,14,63,49,14,60,0
La Liga,Spain,2019/20,Sociedad,6,56,38,1.4737,16,8,14,56,48,8,56,0
La Liga,Spain,2019/20,Granada,7,56,38,1.4737,16,8,14,52,45,7,56,0
La Liga,Spain,2019/20,Getafe,8,54,38,1.4211,14,12,12,43,37,6,54,0
La Liga,Spain,2019/20,Valencia,9,53,38,1.3947,14,11,13,46,53,-7,53,0
La Liga,Spain,2019/20,Osasuna,10,52,38,1.3684,13,13,12,46,54,-8,52,0
La Liga,Spain,2019/20,Ath Bilbao,11,51,38,1.3421,13,12,13,41,38,3,51,0
La Liga,Spain,2019/20,Levante,12,49,38,1.2895,14,7,17,47,53,-6,49,0
La Liga,Spain,2019/20,Valladolid,13,42,38,1.1053,9,15,14,32,43,-11,42,0
La Liga,Spain,2019/20,Eibar,14,42,38,1.1053,11,9,18,39,56,-17,42,0
La Liga,Spain,2019/20,Betis,15,41,38,1.0789,10,11,17,48,60,-12,41,0
La Liga,Spain,2019/20,Alaves,16,39,38,1.0263,10,9,19,34,59,-25,39,0
La Liga,Spain,2019/20,Celta,17,37,38,0.9737,7,16,15,37,49,-12,37,0
La Liga,Spain,2019/20,Leganes,18,36,38,0.9474,8,12,18,30,51,-21,36,0
La Liga,Spain,2019/20,Mallorca,19,33,38,0.8684,9,6,23,40,65,-25,33,0
La Liga,Spain,2019/20,Espanol,20,25,38,0.6579,5,10,23,27,58,-31,25,0
La Liga,Spain,2020/21,Ath Madrid,1,86,38,2.2632,26,8,4,67,25,42,86,0
La Liga,Spain,2020/21,Real Madrid,2,84,38,2.2105,25,9,4,67,28,39,84,0
La Liga,Spain,2020/21,Barcelona,3,79,38,2.0789,24,7,7,85,38,47,79,0
La Liga,Spain,2020/21,Sevilla,4,77,38,2.0263,24,5,9,53,33,20,77,0
La Liga,Spain,2020/21,Sociedad,5,62,38,1.6316,17,11,10,59,38,21,62,0
La Liga,Spain,2020/21,Betis,6,61,38,1.6053,17,10,11,50,50,0,61,0
La Liga,Spain,2020/21,Villarreal,7,58,38,1.5263,15,13,10,60,44,16,58,0
La Liga,Spain,2020/21,Celta,8,53,38,1.3947,14,11,13,55,57,-2,53,0
La Liga,Spain,2020/21,Granada,9,46,38,1.2105,13,7,18,47,65,-18,46,0
La Liga,Spain,2020/21,Ath Bilbao,10,46,38,1.2105,11,13,14,46,42,4,46,0
La Liga,Spain,2020/21,Osasuna,11,44,38,1.1579,11,11,16,37,48,-11,44,0
La Liga,Spain,2020/21,Cadiz,12,44,38,1.1579,11,11,16,36,58,-22,44,0
La Liga,Spain,2020/21,Valencia,13,43,38,1.1316,10,13,15,50,53,-3,43,0
La Liga,Spain,2020/21,Levante,14,41,38,1.0789,9,14,15,46,57,-11,41,0
La Liga,Spain,2020/21,Getafe,15,38,38,1.0,9,11,18,28,43,-15,38,0
La Liga,Spain,2020/21,Alaves,16,38,38,1.0,9,11,18,36,57,-21,38,0
La Liga,Spain,2020/21,Elche,17,36,38,0.9474,8,12,18,34,55,-21,36,0
La Liga,Spain,2020/21,Huesca,18,34,38,0.8947,7,13,18,34,53,-19,34,0
La Liga,Spain,2020/21,Valladolid,19,31,38,0.8158,5,16,17,34,57,-23,31,0
La Liga,Spain,2020/21,Eibar,20,30,38,0.7895,6,12,20,29,52,-23,30,0
La Liga,Spain,2021/22,Real Madrid,1,86,38,2.2632,26,8,4,80,31,49,86,0
La Liga,Spain,2021/22,Barcelona,2,73,38,1.9211,21,10,7,68,38,30,73,0
La Liga,Spain,2021/22,Ath Madrid,3,71,38,1.8684,21,8,9,65,43,22,71,0
La Liga,Spain,2021/22,Sevilla,4,70,38,1.8421,18,16,4,53,30,23,70,0
La Liga,Spain,2021/22,Betis,5,65,38,1.7105,19,8,11,62,40,22,65,0
La Liga,Spain,2021/22,Sociedad,6,62,38,1.6316,17,11,10,40,37,3,62,0
La Liga,Spain,2021/22,Villarreal,7,59,38,1.5526,16,11,11,63,37,26,59,0
La Liga,Spain,2021/22,Ath Bilbao,8,55,38,1.4474,14,13,11,43,36,7,55,0
La Liga,Spain,2021/22,Valencia,9,48,38,1.2632,11,15,12,48,53,-5,48,0
La Liga,Spain,2021/22,Osasuna,10,47,38,1.2368,12,11,15,37,51,-14,47,0
La Liga,Spain,2021/22,Celta,11,46,38,1.2105,12,10,16,43,43,0,46,0
La Liga,Spain,2021/22,Vallecano,12,42,38,1.1053,11,9,18,39,50,-11,42,0
La Liga,Spain,2021/22,Elche,13,42,38,1.1053,11,9,18,40,52,-12,42,0
La Liga,Spain,2021/22,Espanol,14,42,38,1.1053,10,12,16,40,53,-13,42,0
La Liga,Spain,2021/22,Getafe,15,39,38,1.0263,8,15,15,33,41,-8,39,0
La Liga,Spain,2021/22,Mallorca,16,39,38,1.0263,10,9,19,36,63,-27,39,0
La Liga,Spain,2021/22,Cadiz,17,39,38,1.0263,8,15,15,35,51,-16,39,0
La Liga,Spain,2021/22,Granada,18,38,38,1.0,8,14,16,44,61,-17,38,0
La Liga,Spain,2021/22,Levante,19,35,38,0.9211,8,11,19,51,76,-25,35,0
La Liga,Spain,2021/22,Alaves,20,31,38,0.8158,8,7,23,31,65,-34,31,0
La Liga,Spain,2022/23,Barcelona,1,88,38,2.3158,28,4,6,70,20,50,88,0
La Liga,Spain,2022/23,Real Madrid,2,78,38,2.0526,24,6,8,75,36,39,78,0
La Liga,Spain,2022/23,Ath Madrid,3,77,38,2.0263,23,8,7,70,33,37,77,0
La Liga,Spain,2022/23,Sociedad,4,71,38,1.8684,21,8,9,51,35,16,71,0
La Liga,Spain,2022/23,Villarreal,5,64,38,1.6842,19,7,12,59,40,19,64,0
La Liga,Spain,2022/23,Betis,6,60,38,1.5789,17,9,12,46,41,5,60,0
La Liga,Spain,2022/23,Osasuna,7,53,38,1.3947,15,8,15,37,42,-5,53,0
La Liga,Spain,2022/23,Ath Bilbao,8,51,38,1.3421,14,9,15,47,43,4,51,0
La Liga,Spain,2022/23,Mallorca,9,50,38,1.3158,14,8,16,37,43,-6,50,0
La Liga,Spain,2022/23,Girona,10,49,38,1.2895,13,10,15,58,55,3,49,0
La Liga,Spain,2022/23,Vallecano,11,49,38,1.2895,13,10,15,45,53,-8,49,0
La Liga,Spain,2022/23,Sevilla,12,49,38,1.2895,13,10,15,47,54,-7,49,0
La Liga,Spain,2022/23,Celta,13,43,38,1.1316,11,10,17,43,53,-10,43,0
La Liga,Spain,2022/23,Cadiz,14,42,38,1.1053,10,12,16,30,53,-23,42,0
La Liga,Spain,2022/23,Getafe,15,42,38,1.1053,10,12,16,34,45,-11,42,0
La Liga,Spain,2022/23,Valencia,16,42,38,1.1053,11,9,18,42,45,-3,42,0
La Liga,Spain,2022/23,Almeria,17,41,38,1.0789,11,8,19,49,65,-16,41,0
La Liga,Spain,2022/23,Valladolid,18,40,38,1.0526,11,7,20,33,63,-30,40,0
La Liga,Spain,2022/23,Espanol,19,37,38,0.9737,8,13,17,52,69,-17,37,0
La Liga,Spain,2022/23,Elche,20,25,38,0.6579,5,10,23,30,67,-37,25,0
La Liga,Spain,2023/24,Real Madrid,1,95,38,2.5,29,8,1,87,26,61,95,0
La Liga,Spain,2023/24,Barcelona,2,85,38,2.2368,26,7,5,79,44,35,85,0
La Liga,Spain,2023/24,Girona,3,81,38,2.1316,25,6,7,85,46,39,81,0
La Liga,Spain,2023/24,Ath Madrid,4,76,38,2.0,24,4,10,70,43,27,76,0
La Liga,Spain,2023/24,Ath Bilbao,5,68,38,1.7895,19,11,8,61,37,24,68,0
La Liga,Spain,2023/24,Sociedad,6,60,38,1.5789,16,12,10,51,39,12,60,0
La Liga,Spain,2023/24,Betis,7,57,38,1.5,14,15,9,48,45,3,57,0
La Liga,Spain,2023/24,Villarreal,8,53,38,1.3947,14,11,13,65,65,0,53,0
La Liga,Spain,2023/24,Valencia,9,49,38,1.2895,13,10,15,40,45,-5,49,0
La Liga,Spain,2023/24,Alaves,10,46,38,1.2105,12,10,16,36,46,-10,46,0
La Liga,Spain,2023/24,Osasuna,11,45,38,1.1842,12,9,17,45,56,-11,45,0
La Liga,Spain,2023/24,Getafe,12,43,38,1.1316,10,13,15,42,54,-12,43,0
La Liga,Spain,2023/24,Celta,13,41,38,1.0789,10,11,17,46,57,-11,41,0
La Liga,Spain,2023/24,Sevilla,14,41,38,1.0789,10,11,17,48,54,-6,41,0
La Liga,Spain,2023/24,Mallorca,15,40,38,1.0526,8,16,14,33,44,-11,40,0
La Liga,Spain,2023/24,Las Palmas,16,40,38,1.0526,10,10,18,33,47,-14,40,0
La Liga,Spain,2023/24,Vallecano,17,38,38,1.0,8,14,16,29,48,-19,38,0
La Liga,Spain,2023/24,Cadiz,18,33,38,0.8684,6,15,17,26,55,-29,33,0
La Liga,Spain,2023/24,Almeria,19,21,38,0.5526,3,12,23,43,75,-32,21,0
La Liga,Spain,2023/24,Granada,20,21,38,0.5526,4,9,25,38,79,-41,21,0
La Liga,Spain,2024/25,Barcelona,1,88,38,2.3158,28,4,6,102,39,63,88,0
La Liga,Spain,2024/25,Real Madrid,2,84,38,2.2105,26,6,6,78,38,40,84,0
La Liga,Spain,2024/25,Ath Madrid,3,76,38,2.0,22,10,6,68,30,38,76,0
La Liga,Spain,2024/25,Ath Bilbao,4,70,38,1.8421,19,13,6,54,29,25,70,0
La Liga,Spain,2024/25,Villarreal,5,70,38,1.8421,20,10,8,71,51,20,70,0
La Liga,Spain,2024/25,Betis,6,60,38,1.5789,16,12,10,57,50,7,60,0
La Liga,Spain,2024/25,Celta,7,55,38,1.4474,16,7,15,59,57,2,55,0
La Liga,Spain,2024/25,Vallecano,8,52,38,1.3684,13,13,12,41,45,-4,52,0
La Liga,Spain,2024/25,Osasuna,9,52,38,1.3684,12,16,10,48,52,-4,52,0
La Liga,Spain,2024/25,Mallorca,10,48,38,1.2632,13,9,16,35,44,-9,48,0
La Liga,Spain,2024/25,Sociedad,11,46,38,1.2105,13,7,18,35,46,-11,46,0
La Liga,Spain,2024/25,Valencia,12,46,38,1.2105,11,13,14,44,54,-10,46,0
La Liga,Spain,2024/25,Getafe,13,42,38,1.1053,11,9,18,34,39,-5,42,0
La Liga,Spain,2024/25,Espanol,14,42,38,1.1053,11,9,18,40,51,-11,42,0
La Liga,Spain,2024/25,Alaves,15,42,38,1.1053,10,12,16,38,48,-10,42,0
La Liga,Spain,2024/25,Girona,16,41,38,1.0789,11,8,19,44,60,-16,41,0
La Liga,Spain,2024/25,Sevilla,17,41,38,1.0789,10,11,17,42,55,-13,41,0
La Liga,Spain,2024/25,Leganes,18,40,38,1.0526,9,13,16,39,56,-17,40,0
La Liga,Spain,2024/25,Las Palmas,19,32,38,0.8421,8,8,22,40,61,-21,32,0
La Liga,Spain,2024/25,Valladolid,20,16,38,0.4211,4,4,30,26,90,-64,16,0
Ligue 1,France,2015/16,Paris SG,1,96,38,2.5263,30,6,2,102,19,83,96,0
Ligue 1,France,2015/16,Lyon,2,65,38,1.7105,19,8,11,67,43,24,65,0
Ligue 1,France,2015/16,Monaco,3,65,38,1.7105,17,14,7,57,50,7,65,0
Ligue 1,France,2015/16,Nice,4,63,38,1.6579,18,9,11,58,41,17,63,0
Ligue 1,France,2015/16,Lille,5,60,38,1.5789,15,15,8,39,27,12,60,0
Ligue 1,France,2015/16,St Etienne,6,58,38,1.5263,17,7,14,42,37,5,58,0
Ligue 1,France,2015/16,Caen,7,54,38,1.4211,16,6,16,39,52,-13,54,0
Ligue 1,France,2015/16,Rennes,8,52,38,1.3684,13,13,12,52,54,-2,52,0
Ligue 1,France,2015/16,Angers,9,50,38,1.3158,13,11,14,40,38,2,50,0
Ligue 1,France,2015/16,Bastia,10,50,38,1.3158,14,8,16,36,42,-6,50,0
Ligue 1,France,2015/16,Bordeaux,11,50,38,1.3158,12,14,12,50,57,-7,50,0
Ligue 1,France,2015/16,Montpellier,12,49,38,1.2895,14,7,17,49,47,2,49,0
Ligue 1,France,2015/16,Marseille,13,48,38,1.2632,10,18,10,48,42,6,48,0
Ligue 1,France,2015/16,Nantes,14,48,38,1.2632,12,12,14,33,44,-11,48,0
Ligue 1,France,2015/16,Lorient,15,46,38,1.2105,11,13,14,47,58,-11,46,0
Ligue 1,France,2015/16,Guingamp,16,44,38,1.1579,11,11,16,47,56,-9,44,0
Ligue 1,France,2015/16,Toulouse,17,40,38,1.0526,9,13,16,45,55,-10,40,0
Ligue 1,France,2015/16,Reims,18,39,38,1.0263,10,9,19,44,57,-13,39,0
Ligue 1,France,2015/16,Ajaccio GFCO,19,37,38,0.9737,8,13,17,37,58,-21,37,0
Ligue 1,France,2015/16,Troyes,20,18,38,0.4737,3,9,26,28,83,-55,18,0
Ligue 1,France,2016/17,Monaco,1,95,38,2.5,30,5,3,107,31,76,95,0
Ligue 1,France,2016/17,Paris SG,2,87,38,2.2895,27,6,5,83,27,56,87,0
Ligue 1,France,2016/17,Nice,3,78,38,2.0526,22,12,4,63,36,27,78,0
Ligue 1,France,2016/17,Lyon,4,67,38,1.7632,21,4,13,80,48,32,67,0
Ligue 1,France,2016/17,Marseille,5,62,38,1.6316,17,11,10,57,41,16,62,0
Ligue 1,France,2016/17,Bordeaux,6,59,38,1.5526,15,14,9,53,43,10,59,0
Ligue 1,France,2016/17,Nantes,7,51,38,1.3421,14,9,15,40,54,-14,51,0
Ligue 1,France,2016/17,St Etienne,8,50,38,1.3158,12,14,12,41,42,-1,50,0
Ligue 1,France,2016/17,Rennes,9,50,38,1.3158,12,14,12,36,42,-6,50,0
Ligue 1,France,2016/17,Guingamp,10,50,38,1.3158,14,8,16,46,53,-7,50,0
Ligue 1,France,2016/17,Lille,11,46,38,1.2105,13,7,18,40,47,-7,46,0
Ligue 1,France,2016/17,Angers,12,46,38,1.2105,13,7,18,40,49,-9,46,0
Ligue 1,France,2016/17,Toulouse,13,44,38,1.1579,10,14,14,37,41,-4,44,0
Ligue 1,France,2016/17,Metz,14,43,38,1.1316,11,10,17,39,72,-33,43,0
Ligue 1,France,2016/17,Montpellier,15,39,38,1.0263,10,9,19,48,66,-18,39,0
Ligue 1,France,2016/17,Dijon,16,37,38,0.9737,8,13,17,46,58,-12,37,0
Ligue 1,France,2016/17,Caen,17,37,38,0.9737,10,7,21,36,65,-29,37,0
Ligue 1,France,2016/17,Lorient,18,36,38,0.9474,10,6,22,44,70,-26,36,0
Ligue 1,France,2016/17,Nancy,19,35,38,0.9211,9,8,21,29,52,-23,35,0
Ligue 1,France,2016/17,Bastia,20,34,38,0.8947,8,10,20,29,57,-28,34,0
Ligue 1,France,2017/18,Paris SG,1,93,38,2.4474,29,6,3,108,29,79,93,0
Ligue 1,France,2017/18,Monaco,2,80,38,2.1053,24,8,6,85,45,40,80,0
Ligue 1,France,2017/18,Lyon,3,78,38,2.0526,23,9,6,87,43,44,78,0
Ligue 1,France,2017/18,Marseille,4,77,38,2.0263,22,11,5,80,47,33,77,0
Ligue 1,France,2017/18,Rennes,5,58,38,1.5263,16,10,12,50,44,6,58,0
Ligue 1,France,2017/18,Bordeaux,6,55,38,1.4474,16,7,15,53,48,5,55,0
Ligue 1,France,2017/18,St Etienne,7,55,38,1.4474,15,10,13,47,50,-3,55,0
Ligue 1,France,2017/18,Nice,8,54,38,1.4211,15,9,14,53,52,1,54,0
Ligue 1,France,2017/18,Nantes,9,52,38,1.3684,14,10,14,36,41,-5,52,0
Ligue 1,France,2017/18,Montpellier,10,51,38,1.3421,11,18,9,36,33,3,51,0
Ligue 1,France,2017/18,Dijon,11,48,38,1.2632,13,9,16,55,73,-18,48,0
Ligue 1,France,2017/18,Guingamp,12,47,38,1.2368,12,11,15,48,59,-11,47,0
Ligue 1,France,2017/18,Amiens,13,45,38,1.1842,12,9,17,37,42,-5,45,0
Ligue 1,France,2017/18,Angers,14,41,38,1.0789,9,14,15,42,52,-10,41,0
Ligue 1,France,2017/18,Strasbourg,15,38,38,1.0,9,11,18,44,67,-23,38,0
Ligue 1,France,2017/18,Caen,16,38,38,1.0,10,8,20,27,52,-25,38,0
Ligue 1,France,2017/18,Lille,17,38,38,1.0,10,8,20,41,67,-26,38,0
Ligue 1,France,2017/18,Toulouse,18,37,38,0.9737,9,10,19,38,54,-16,37,0
Ligue 1,France,2017/18,Troyes,19,33,38,0.8684,9,6,23,32,59,-27,33,0
Ligue 1,France,2017/18,Metz,20,26,38,0.6842,6,8,24,34,76,-42,26,0
Ligue 1,France,2018/19,Paris SG,1,91,38,2.3947,29,4,5,105,35,70,91,0
Ligue 1,France,2018/19,Lille,2,75,38,1.9737,22,9,7,68,33,35,75,0
Ligue 1,France,2018/19,Lyon,3,72,38,1.8947,21,9,8,70,47,23,72,0
Ligue 1,France,2018/19,St Etienne,4,66,38,1.7368,19,9,10,59,41,18,66,0
Ligue 1,France,2018/19,Marseille,5,61,38,1.6053,18,7,13,60,52,8,61,0
Ligue 1,France,2018/19,Montpellier,6,59,38,1.5526,15,14,9,53,42,11,59,0
Ligue 1,France,2018/19,Nice,7,56,38,1.4737,15,11,12,30,35,-5,56,0
Ligue 1,France,2018/19,Reims,8,55,38,1.4474,13,16,9,39,42,-3,55,0
Ligue 1,France,2018/19,Nimes,9,53,38,1.3947,15,8,15,57,58,-1,53,0
Ligue 1,France,2018/19,Rennes,10,52,38,1.3684,13,13,12,55,52,3,52,0
Ligue 1,France,2018/19,Strasbourg,11,49,38,1.2895,11,16,11,58,48,10,49,0
Ligue 1,France,2018/19,Nantes,12,48,38,1.2632,13,9,16,48,48,0,48,0
Ligue 1,France,2018/19,Angers,13,46,38,1.2105,10,16,12,44,49,-5,46,0
Ligue 1,France,2018/19,Bordeaux,14,41,38,1.0789,10,11,17,34,42,-8,41,0
Ligue 1,France,2018/19,Amiens,15,38,38,1.0,9,11,18,31,52,-21,38,0
Ligue 1,France,2018/19,Toulouse,16,38,38,1.0,8,14,16,35,57,-22,38,0
Ligue 1,France,2018/19,Monaco,17,36,38,0.9474,8,12,18,38,57,-19,36,0
Ligue 1,France,2018/19,Dijon,18,34,38,0.8947,9,7,22,31,60,-29,34,0
Ligue 1,France,2018/19,Caen,19,33,38,0.8684,7,12,19,29,54,-25,33,0
Ligue 1,France,2018/19,Guingamp,20,27,38,0.7105,5,12,21,28,68,-40,27,0
Ligue 1,France,2019/20,Paris SG,1,68,27,2.5185,22,2,3,75,24,51,68,0
Ligue 1,France,2019/20,Marseille,2,56,28,2.0,16,8,4,41,29,12,56,0
Ligue 1,France,2019/20,Rennes,3,50,28,1.7857,15,5,8,38,24,14,50,0
Ligue 1,France,2019/20,Lille,4,49,28,1.75,15,4,9,35,27,8,49,0
Ligue 1,France,2019/20,Nice,5,41,28,1.4643,11,8,9,41,38,3,41,0
Ligue 1,France,2019/20,Reims,6,41,28,1.4643,10,11,7,26,21,5,41,0
Ligue 1,France,2019/20,Lyon,7,40,28,1.4286,11,7,10,42,27,15,40,0
Ligue 1,France,2019/20,Montpellier,8,40,28,1.4286,11,7,10,35,34,1,40,0
Ligue 1,France,2019/20,Monaco,9,40,28,1.4286,11,7,10,44,44,0,40,0
Ligue 1,France,2019/20,Strasbourg,10,38,27,1.4074,11,5,11,32,32,0,38,0
Ligue 1,France,2019/20,Angers,11,39,28,1.3929,11,6,11,28,33,-5,39,0
Ligue 1,France,2019/20,Bordeaux,12,37,28,1.3214,9,10,9,40,34,6,37,0
Ligue 1,France,2019/20,Nantes,13,37,28,1.3214,11,4,13,28,31,-3,37,0
Ligue 1,France,2019/20,Brest,14,34,28,1.2143,8,10,10,34,37,-3,34,0
Ligue 1,France,2019/20,Metz,15,34,28,1.2143,8,10,10,27,35,-8,34,0
Ligue 1,France,2019/20,Dijon,16,30,28,1.0714,7,9,12,27,37,-10,30,0
Ligue 1,France,2019/20,St Etienne,17,30,28,1.0714,8,6,14,29,45,-16,30,0
Ligue 1,France,2019/20,Nimes,18,27,28,0.9643,7,6,15,29,44,-15,27,0
Ligue 1,France,2019/20,Amiens,19,23,28,0.8214,4,11,13,31,50,-19,23,0
Ligue 1,France,2019/20,Toulouse,20,13,28,0.4643,3,4,21,22,58,-36,13,0
Ligue 1,France,2020/21,Lille,1,83,38,2.1842,24,11,3,64,23,41,83,0
Ligue 1,France,2020/21,Paris SG,2,82,38,2.1579,26,4,8,86,28,58,82,0
Ligue 1,France,2020/21,Monaco,3,78,38,2.0526,24,6,8,76,42,34,78,0
Ligue 1,France,2020/21,Lyon,4,76,38,2.0,22,10,6,81,43,38,76,0
Ligue 1,France,2020/21,Marseille,5,60,38,1.5789,16,12,10,54,47,7,60,0
Ligue 1,France,2020/21,Rennes,6,58,38,1.5263,16,10,12,52,40,12,58,0
Ligue 1,France,2020/21,Lens,7,57,38,1.5,15,12,11,55,54,1,57,0
Ligue 1,France,2020/21,Montpellier,8,54,38,1.4211,14,12,12,60,62,-2,54,0
Ligue 1,France,2020/21,Nice,9,52,38,1.3684,15,7,16,50,53,-3,52,0
Ligue 1,France,2020/21,Metz,10,47,38,1.2368,12,11,15,44,48,-4,47,0
Ligue 1,France,2020/21,St Etienne,11,46,38,1.2105,12,10,16,42,54,-12,46,0
Ligue 1,France,2020/21,Bordeaux,12,45,38,1.1842,13,6,19,42,56,-14,45,0
Ligue 1,France,2020/21,Angers,13,44,38,1.1579,12,8,18,40,58,-18,44,0
Ligue 1,France,2020/21,Reims,14,42,38,1.1053,9,15,14,42,50,-8,42,0
Ligue 1,France,2020/21,Strasbourg,15,42,38,1.1053,11,9,18,49,58,-9,42,0
Ligue 1,France,2020/21,Lorient,16,42,38,1.1053,11,9,18,50,68,-18,42,0
Ligue 1,France,2020/21,Brest,17,41,38,1.0789,11,8,19,50,66,-16,41,0
Ligue 1,France,2020/21,Nantes,18,40,38,1.0526,9,13,16,47,55,-8,40,0
Ligue 1,France,2020/21,Nimes,19,35,38,0.9211,9,8,21,40,71,-31,35,0
Ligue 1,France,2020/21,Dijon,20,21,38,0.5526,4,9,25,25,73,-48,21,0
Ligue 1,France,2021/22,Paris SG,1,86,38,2.2632,26,8,4,90,36,54,86,0
Ligue 1,France,2021/22,Marseille,2,71,38,1.8684,21,8,9,63,38,25,71,0
Ligue 1,France,2021/22,Monaco,3,69,38,1.8158,20,9,9,65,40,25,69,0
Ligue 1,France,2021/22,Rennes,4,66,38,1.7368,20,6,12,82,40,42,66,0
Ligue 1,France,2021/22,Nice,5,66,38,1.7368,20,7,11,52,36,16,67,-1
Ligue 1,France,2021/22,Strasbourg,6,63,38,1.6579,17,12,9,60,43,17,63,0
Ligue 1,France,2021/22,Lens,7,62,38,1.6316,17,11,10,62,48,14,62,0
Ligue 1,France,2021/22,Lyon,8,61,38,1.6053,17,11,10,66,51,15,62,-1
Ligue 1,France,2021/22,Nantes,9,55,38,1.4474,15,10,13,55,48,7,55,0
Ligue 1,France,2021/22,Lille,10,55,38,1.4474,14,13,11,48,48,0,55,0
Ligue 1,France,2021/22,Brest,11,48,38,1.2632,13,9,16,49,57,-8,48,0
Ligue 1,France,2021/22,Reims,12,46,38,1.2105,11,13,14,43,44,-1,46,0
Ligue 1,France,2021/22,Montpellier,13,43,38,1.1316,12,7,19,49,61,-12,43,0
Ligue 1,France,2021/22,Angers,14,41,38,1.0789,10,11,17,44,55,-11,41,0
Ligue 1,France,2021/22,Troyes,15,38,38,1.0,9,11,18,37,53,-16,38,0
Ligue 1,France,2021/22,Lorient,16,36,38,0.9474,8,12,18,35,63,-28,36,0
Ligue 1,France,2021/22,Clermont,17,36,38,0.9474,9,9,20,38,69,-31,36,0
Ligue 1,France,2021/22,St Etienne,18,32,38,0.8421,7,11,20,42,77,-35,32,0
Ligue 1,France,2021/22,Metz,19,31,38,0.8158,6,13,19,35,69,-34,31,0
Ligue 1,France,2021/22,Bordeaux,20,31,38,0.8158,6,13,19,52,91,-39,31,0
Ligue 1,France,2022/23,Paris SG,1,85,38,2.2368,27,4,7,89,40,49,85,0
Ligue 1,France,2022/23,Lens,2,84,38,2.2105,25,9,4,68,29,39,84,0
Ligue 1,France,2022/23,Marseille,3,73,38,1.9211,22,7,9,67,40,27,73,0
Ligue 1,France,2022/23,Rennes,4,68,38,1.7895,21,5,12,69,39,30,68,0
Ligue 1,France,2022/23,Lille,5,67,38,1.7632,19,10,9,65,44,21,67,0
Ligue 1,France,2022/23,Monaco,6,65,38,1.7105,19,8,11,70,58,12,65,0
Ligue 1,France,2022/23,Lyon,7,62,38,1.6316,18,8,12,65,47,18,62,0
Ligue 1,France,2022/23,Clermont,8,59,38,1.5526,17,8,13,45,49,-4,59,0
Ligue 1,France,2022/23,Nice,9,58,38,1.5263,15,13,10,48,37,11,58,0
Ligue 1,France,2022/23,Lorient,10,55,38,1.4474,15,10,13,52,53,-1,55,0
Ligue 1,France,2022/23,Reims,11,51,38,1.3421,12,15,11,45,45,0,51,0
Ligue 1,France,2022/23,Montpellier,12,50,38,1.3158,15,5,18,65,62,3,50,0
Ligue 1,France,2022/23,Toulouse,13,48,38,1.2632,13,9,16,51,57,-6,48,0
Ligue 1,France,2022/23,Brest,14,44,38,1.1579,11,11,16,44,54,-10,44,0
Ligue 1,France,2022/23,Strasbourg,15,40,38,1.0526,9,13,16,51,59,-8,40,0
Ligue 1,France,2022/23,Nantes,16,36,38,0.9474,7,15,16,37,55,-18,36,0
Ligue 1,France,2022/23,Auxerre,17,35,38,0.9211,8,11,19,35,63,-28,35,0
Ligue 1,France,2022/23,Ajaccio,18,26,38,0.6842,7,5,26,23,74,-51,26,0
Ligue 1,France,2022/23,Troyes,19,24,38,0.6316,4,12,22,45,81,-36,24,0
Ligue 1,France,2022/23,Angers,20,18,38,0.4737,4,6,28,33,81,-48,18,0
Ligue 1,France,2023/24,Paris SG,1,76,34,2.2353,22,10,2,81,33,48,76,0
Ligue 1,France,2023/24,Monaco,2,67,34,1.9706,20,7,7,68,42,26,67,0
Ligue 1,France,2023/24,Brest,3,61,34,1.7941,17,10,7,53,34,19,61,0
Ligue 1,France,2023/24,Lille,4,59,34,1.7353,16,11,7,52,34,18,59,0
Ligue 1,France,2023/24,Nice,5,55,34,1.6176,15,10,9,40,29,11,55,0
Ligue 1,France,2023/24,Lyon,6,53,34,1.5588,16,5,13,49,55,-6,53,0
Ligue 1,France,2023/24,Lens,7,51,34,1.5,14,9,11,45,37,8,51,0
Ligue 1,France,2023/24,Marseille,8,50,34,1.4706,13,11,10,52,41,11,50,0
Ligue 1,France,2023/24,Reims,9,47,34,1.3824,13,8,13,42,47,-5,47,0
Ligue 1,France,2023/24,Rennes,10,46,34,1.3529,12,10,12,53,46,7,46,0
Ligue 1,France,2023/24,Toulouse,11,43,34,1.2647,11,10,13,42,46,-4,43,0
Ligue 1,France,2023/24,Montpellier,12,41,34,1.2059,10,12,12,43,48,-5,42,-1
Ligue 1,France,2023/24,Strasbourg,13,39,34,1.1471,10,9,15,38,50,-12,39,0
Ligue 1,France,2023/24,Nantes,14,33,34,0.9706,9,6,19,30,55,-25,33,0
Ligue 1,France,2023/24,Le Havre,15,32,34,0.9412,7,11,16,34,45,-11,32,0
Ligue 1,France,2023/24,Metz,16,29,34,0.8529,8,5,21,35,58,-23,29,0
Ligue 1,France,2023/24,Lorient,17,29,34,0.8529,7,8,19,43,66,-23,29,0
Ligue 1,France,2023/24,Clermont,18,25,34,0.7353,5,10,19,26,60,-34,25,0
Ligue 1,France,2024/25,Paris SG,1,84,34,2.4706,26,6,2,92,35,57,84,0
Ligue 1,France,2024/25,Marseille,2,65,34,1.9118,20,5,9,74,47,27,65,0
Ligue 1,France,2024/25,Monaco,3,61,34,1.7941,18,7,9,63,41,22,61,0
Ligue 1,France,2024/25,Nice,4,60,34,1.7647,17,9,8,66,41,25,60,0
Ligue 1,France,2024/25,Lille,5,60,34,1.7647,17,9,8,52,36,16,60,0
Ligue 1,France,2024/25,Lyon,6,57,34,1.6765,17,6,11,65,46,19,57,0
Ligue 1,France,2024/25,Strasbourg,7,57,34,1.6765,16,9,9,56,44,12,57,0
Ligue 1,France,2024/25,Lens,8,52,34,1.5294,15,7,12,42,39,3,52,0
Ligue 1,France,2024/25,Brest,9,50,34,1.4706,15,5,14,52,59,-7,50,0
Ligue 1,France,2024/25,Toulouse,10,42,34,1.2353,11,9,14,44,43,1,42,0
Ligue 1,France,2024/25,Auxerre,11,42,34,1.2353,11,9,14,48,51,-3,42,0
Ligue 1,France,2024/25,Rennes,12,41,34,1.2059,13,2,19,51,50,1,41,0
Ligue 1,France,2024/25,Nantes,13,36,34,1.0588,8,12,14,39,52,-13,36,0
Ligue 1,France,2024/25,Angers,14,36,34,1.0588,10,6,18,32,53,-21,36,0
Ligue 1,France,2024/25,Le Havre,15,34,34,1.0,10,4,20,40,71,-31,34,0
Ligue 1,France,2024/25,Reims,16,33,34,0.9706,8,9,17,33,47,-14,33,0
Ligue 1,France,2024/25,St Etienne,17,30,34,0.8824,8,6,20,39,77,-38,30,0
Ligue 1,France,2024/25,Montpellier,18,16,34,0.4706,4,4,26,23,79,-56,16,0
Premier League,England,2015/16,Leicester,1,81,38,2.1316,23,12,3,68,36,32,81,0
Premier League,England,2015/16,Arsenal,2,71,38,1.8684,20,11,7,65,36,29,71,0
Premier League,England,2015/16,Tottenham,3,70,38,1.8421,19,13,6,69,35,34,70,0
Premier League,England,2015/16,Man City,4,66,38,1.7368,19,9,10,71,41,30,66,0
Premier League,England,2015/16,Man United,5,66,38,1.7368,19,9,10,49,35,14,66,0
Premier League,England,2015/16,Southampton,6,63,38,1.6579,18,9,11,59,41,18,63,0
Premier League,England,2015/16,West Ham,7,62,38,1.6316,16,14,8,65,51,14,62,0
Premier League,England,2015/16,Liverpool,8,60,38,1.5789,16,12,10,63,50,13,60,0
Premier League,England,2015/16,Stoke,9,51,38,1.3421,14,9,15,41,55,-14,51,0
Premier League,England,2015/16,Chelsea,10,50,38,1.3158,12,14,12,59,53,6,50,0
Premier League,England,2015/16,Everton,11,47,38,1.2368,11,14,13,59,55,4,47,0
Premier League,England,2015/16,Swansea,12,47,38,1.2368,12,11,15,42,52,-10,47,0
Premier League,England,2015/16,Watford,13,45,38,1.1842,12,9,17,40,50,-10,45,0
Premier League,England,2015/16,West Brom,14,43,38,1.1316,10,13,15,34,48,-14,43,0
Premier League,England,2015/16,Crystal Palace,15,42,38,1.1053,11,9,18,39,51,-12,42,0
Premier League,England,2015/16,Bournemouth,16,42,38,1.1053,11,9,18,45,67,-22,42,0
Premier League,England,2015/16,Sunderland,17,39,38,1.0263,9,12,17,48,62,-14,39,0
Premier League,England,2015/16,Newcastle,18,37,38,0.9737,9,10,19,44,65,-21,37,0
Premier League,England,2015/16,Norwich,19,34,38,0.8947,9,7,22,39,67,-28,34,0
Premier League,England,2015/16,Aston Villa,20,17,38,0.4474,3,8,27,27,76,-49,17,0
Premier League,England,2016/17,Chelsea,1,93,38,2.4474,30,3,5,85,33,52,93,0
Premier League,England,2016/17,Tottenham,2,86,38,2.2632,26,8,4,86,26,60,86,0
Premier League,England,2016/17,Man City,3,78,38,2.0526,23,9,6,80,39,41,78,0
Premier League,England,2016/17,Liverpool,4,76,38,2.0,22,10,6,78,42,36,76,0
Premier League,England,2016/17,Arsenal,5,75,38,1.9737,23,6,9,77,44,33,75,0
Premier League,England,2016/17,Man United,6,69,38,1.8158,18,15,5,54,29,25,69,0
Premier League,England,2016/17,Everton,7,61,38,1.6053,17,10,11,62,44,18,61,0
Premier League,England,2016/17,Southampton,8,46,38,1.2105,12,10,16,41,48,-7,46,0
Premier League,England,2016/17,Bournemouth,9,46,38,1.2105,12,10,16,55,67,-12,46,0
Premier League,England,2016/17,West Brom,10,45,38,1.1842,12,9,17,43,51,-8,45,0
Premier League,England,2016/17,West Ham,11,45,38,1.1842,12,9,17,47,64,-17,45,0
Premier League,England,2016/17,Leicester,12,44,38,1.1579,12,8,18,48,63,-15,44,0
Premier League,England,2016/17,Stoke,13,44,38,1.1579,11,11,16,41,56,-15,44,0
Premier League,England,2016/17,Crystal Palace,14,41,38,1.0789,12,5,21,50,63,-13,41,0
Premier League,England,2016/17,Swansea,15,41,38,1.0789,12,5,21,45,70,-25,41,0
Premier League,England,2016/17,Burnley,16,40,38,1.0526,11,7,20,39,55,-16,40,0
Premier League,England,2016/17,Watford,17,40,38,1.0526,11,7,20,40,68,-28,40,0
Premier League,England,2016/17,Hull,18,34,38,0.8947,9,7,22,37,80,-43,34,0
Premier League,England,2016/17,Middlesbrough,19,28,38,0.7368,5,13,20,27,53,-26,28,0
Premier League,England,2016/17,Sunderland,20,24,38,0.6316,6,6,26,29,69,-40,24,0
Premier League,England,2017/18,Man City,1,100,38,2.6316,32,4,2,106,27,79,100,0
Premier League,England,2017/18,Man United,2,81,38,2.1316,25,6,7,68,28,40,81,0
Premier League,England,2017/18,Tottenham,3,77,38,2.0263,23,8,7,74,36,38,77,0
Premier League,England,2017/18,Liverpool,4,75,38,1.9737,21,12,5,84,38,46,75,0
Premier League,England,2017/18,Chelsea,5,70,38,1.8421,21,7,10,62,38,24,70,0
Premier League,England,2017/18,Arsenal,6,63,38,1.6579,19,6,13,74,51,23,63,0
Premier League,England,2017/18,Burnley,7,54,38,1.4211,14,12,12,36,39,-3,54,0
Premier League,England,2017/18,Everton,8,49,38,1.2895,13,10,15,44,58,-14,49,0
Premier League,England,2017/18,Leicester,9,47,38,1.2368,12,11,15,56,60,-4,47,0
Premier League,England,2017/18,Newcastle,10,44,38,1.1579,12,8,18,39,47,-8,44,0
Premier League,England,2017/18,Crystal Palace,11,44,38,1.1579,11,11,16,45,55,-10,44,0
Premier League,England,2017/18,Bournemouth,12,44,38,1.1579,11,11,16,45,61,-16,44,0
Premier League,England,2017/18,West Ham,13,42,38,1.1053,10,12,16,48,68,-20,42,0
Premier League,England,2017/18,Watford,14,41,38,1.0789,11,8,19,44,64,-20,41,0
Premier League,England,2017/18,Brighton,15,40,38,1.0526,9,13,16,34,54,-20,40,0
Premier League,England,2017/18,Huddersfield,16,37,38,0.9737,9,10,19,28,58,-30,37,0
Premier League,England,2017/18,Southampton,17,36,38,0.9474,7,15,16,37,56,-19,36,0
Premier League,England,2017/18,Swansea,18,33,38,0.8684,8,9,21,28,56,-28,33,0
Premier League,England,2017/18,Stoke,19,33,38,0.8684,7,12,19,35,68,-33,33,0
Premier League,England,2017/18,West Brom,20,31,38,0.8158,6,13,19,31,56,-25,31,0
Premier League,England,2018/19,Man City,1,98,38,2.5789,32,2,4,95,23,72,98,0
Premier League,England,2018/19,Liverpool,2,97,38,2.5526,30,7,1,89,22,67,97,0
Premier League,England,2018/19,Chelsea,3,72,38,1.8947,21,9,8,63,39,24,72,0
Premier League,England,2018/19,Tottenham,4,71,38,1.8684,23,2,13,67,39,28,71,0
Premier League,England,2018/19,Arsenal,5,70,38,1.8421,21,7,10,73,51,22,70,0
Premier League,England,2018/19,Man United,6,66,38,1.7368,19,9,10,65,54,11,66,0
Premier League,England,2018/19,Wolves,7,57,38,1.5,16,9,13,47,46,1,57,0
Premier League,England,2018/19,Everton,8,54,38,1.4211,15,9,14,54,46,8,54,0
Premier League,England,2018/19,Leicester,9,52,38,1.3684,15,7,16,51,48,3,52,0
Premier League,England,2018/19,West Ham,10,52,38,1.3684,15,7,16,52,55,-3,52,0
Premier League,England,2018/19,Watford,11,50,38,1.3158,14,8,16,52,59,-7,50,0
Premier League,England,2018/19,Crystal Palace,12,49,38,1.2895,14,7,17,51,53,-2,49,0
Premier League,England,2018/19,Newcastle,13,45,38,1.1842,12,9,17,42,48,-6,45,0
Premier League,England,2018/19,Bournemouth,14,45,38,1.1842,13,6,19,56,70,-14,45,0
Premier League,England,2018/19,Burnley,15,40,38,1.0526,11,7,20,45,68,-23,40,0
Premier League,England,2018/19,Southampton,16,39,38,1.0263,9,12,17,45,65,-20,39,0
Premier League,England,2018/19,Brighton,17,36,38,0.9474,9,9,20,35,60,-25,36,0
Premier League,England,2018/19,Cardiff,18,34,38,0.8947,10,4,24,34,69,-35,34,0
Premier League,England,2018/19,Fulham,19,26,38,0.6842,7,5,26,34,81,-47,26,0
Premier League,England,2018/19,Huddersfield,20,16,38,0.4211,3,7,28,22,76,-54,16,0
Premier League,England,2019/20,Liverpool,1,99,38,2.6053,32,3,3,85,33,52,99,0
Premier League,England,2019/20,Man City,2,81,38,2.1316,26,3,9,102,35,67,81,0
Premier League,England,2019/20,Man United,3,66,38,1.7368,18,12,8,66,36,30,66,0
Premier League,England,2019/20,Chelsea,4,66,38,1.7368,20,6,12,69,54,15,66,0
Premier League,England,2019/20,Leicester,5,62,38,1.6316,18,8,12,67,41,26,62,0
Premier League,England,2019/20,Tottenham,6,59,38,1.5526,16,11,11,61,47,14,59,0
Premier League,England,2019/20,Wolves,7,59,38,1.5526,15,14,9,51,40,11,59,0
Premier League,England,2019/20,Arsenal,8,56,38,1.4737,14,14,10,56,48,8,56,0
Premier League,England,2019/20,Sheffield United,9,54,38,1.4211,14,12,12,39,39,0,54,0
Premier League,England,2019/20,Burnley,10,54,38,1.4211,15,9,14,43,50,-7,54,0
Premier League,England,2019/20,Southampton,11,52,38,1.3684,15,7,16,51,60,-9,52,0
Premier League,England,2019/20,Everton,12,49,38,1.2895,13,10,15,44,56,-12,49,0
Premier League,England,2019/20,Newcastle,13,44,38,1.1579,11,11,16,38,58,-20,44,0
Premier League,England,2019/20,Crystal Palace,14,43,38,1.1316,11,10,17,31,50,-19,43,0
Premier League,England,2019/20,Brighton,15,41,38,1.0789,9,14,15,39,54,-15,41,0
Premier League,England,2019/20,West Ham,16,39,38,1.0263,10,9,19,49,62,-13,39,0
Premier League,England,2019/20,Aston Villa,17,35,38,0.9211,9,8,21,41,67,-26,35,0
Premier League,England,2019/20,Bournemouth,18,34,38,0.8947,9,7,22,40,65,-25,34,0
Premier League,England,2019/20,Watford,19,34,38,0.8947,8,10,20,36,64,-28,34,0
Premier League,England,2019/20,Norwich,20,21,38,0.5526,5,6,27,26,75,-49,21,0
Premier League,England,2020/21,Man City,1,86,38,2.2632,27,5,6,83,32,51,86,0
Premier League,England,2020/21,Man United,2,74,38,1.9474,21,11,6,73,44,29,74,0
Premier League,England,2020/21,Liverpool,3,69,38,1.8158,20,9,9,68,42,26,69,0
Premier League,England,2020/21,Chelsea,4,67,38,1.7632,19,10,9,58,36,22,67,0
Premier League,England,2020/21,Leicester,5,66,38,1.7368,20,6,12,68,50,18,66,0
Premier League,England,2020/21,West Ham,6,65,38,1.7105,19,8,11,62,47,15,65,0
Premier League,England,2020/21,Tottenham,7,62,38,1.6316,18,8,12,68,45,23,62,0
Premier League,England,2020/21,Arsenal,8,61,38,1.6053,18,7,13,55,39,16,61,0
Premier League,England,2020/21,Leeds,9,59,38,1.5526,18,5,15,62,54,8,59,0
Premier League,England,2020/21,Everton,10,59,38,1.5526,17,8,13,47,48,-1,59,0
Premier League,England,2020/21,Aston Villa,11,55,38,1.4474,16,7,15,55,46,9,55,0
Premier League,England,2020/21,Newcastle,12,45,38,1.1842,12,9,17,46,62,-16,45,0
Premier League,England,2020/21,Wolves,13,45,38,1.1842,12,9,17,36,52,-16,45,0
Premier League,England,2020/21,Crystal Palace,14,44,38,1.1579,12,8,18,41,66,-25,44,0
Premier League,England,2020/21,Southampton,15,43,38,1.1316,12,7,19,47,68,-21,43,0
Premier League,England,2020/21,Brighton,16,41,38,1.0789,9,14,15,40,46,-6,41,0
Premier League,England,2020/21,Burnley,17,39,38,1.0263,10,9,19,33,55,-22,39,0
Premier League,England,2020/21,Fulham,18,28,38,0.7368,5,13,20,27,53,-26,28,0
Premier League,England,2020/21,West Brom,19,26,38,0.6842,5,11,22,35,76,-41,26,0
Premier League,England,2020/21,Sheffield United,20,23,38,0.6053,7,2,29,20,63,-43,23,0
Premier League,England,2021/22,Man City,1,93,38,2.4474,29,6,3,99,26,73,93,0
Premier League,England,2021/22,Liverpool,2,92,38,2.4211,28,8,2,94,26,68,92,0
Premier League,England,2021/22,Chelsea,3,74,38,1.9474,21,11,6,76,33,43,74,0
Premier League,England,2021/22,Tottenham,4,71,38,1.8684,22,5,11,69,40,29,71,0
Premier League,England,2021/22,Arsenal,5,69,38,1.8158,22,3,13,61,48,13,69,0
Premier League,England,2021/22,Man United,6,58,38,1.5263,16,10,12,57,57,0,58,0
Premier League,England,2021/22,West Ham,7,56,38,1.4737,16,8,14,60,51,9,56,0
Premier League,England,2021/22,Leicester,8,52,38,1.3684,14,10,14,62,59,3,52,0
Premier League,England,2021/22,Brighton,9,51,38,1.3421,12,15,11,42,44,-2,51,0
Premier League,England,2021/22,Wolves,10,51,38,1.3421,15,6,17,38,43,-5,51,0
Premier League,England,2021/22,Newcastle,11,49,38,1.2895,13,10,15,44,62,-18,49,0
Premier League,England,2021/22,Crystal Palace,12,48,38,1.2632,11,15,12,50,46,4,48,0
Premier League,England,2021/22,Brentford,13,46,38,1.2105,13,7,18,48,56,-8,46,0
Premier League,England,2021/22,Aston Villa,14,45,38,1.1842,13,6,19,52,54,-2,45,0
Premier League,England,2021/22,Southampton,15,40,38,1.0526,9,13,16,43,67,-24,40,0
Premier League,England,2021/22,Everton,16,39,38,1.0263,11,6,21,43,66,-23,39,0
Premier League,England,2021/22,Leeds,17,38,38,1.0,9,11,18,42,79,-37,38,0
Premier League,England,2021/22,Burnley,18,35,38,0.9211,7,14,17,34,53,-19,35,0
Premier League,England,2021/22,Watford,19,23,38,0.6053,6,5,27,34,77,-43,23,0
Premier League,England,2021/22,Norwich,20,22,38,0.5789,5,7,26,23,84,-61,22,0
Premier League,England,2022/23,Man City,1,89,38,2.3421,28,5,5,94,33,61,89,0
Premier League,England,2022/23,Arsenal,2,84,38,2.2105,26,6,6,88,43,45,84,0
Premier League,England,2022/23,Man United,3,75,38,1.9737,23,6,9,58,43,15,75,0
Premier League,England,2022/23,Newcastle,4,71,38,1.8684,19,14,5,68,33,35,71,0
Premier League,England,2022/23,Liverpool,5,67,38,1.7632,19,10,9,75,47,28,67,0
Premier League,England,2022/23,Brighton,6,62,38,1.6316,18,8,12,72,53,19,62,0
Premier League,England,2022/23,Aston Villa,7,61,38,1.6053,18,7,13,51,46,5,61,0
Premier League,England,2022/23,Tottenham,8,60,38,1.5789,18,6,14,70,63,7,60,0
Premier League,England,2022/23,Brentford,9,59,38,1.5526,15,14,9,58,46,12,59,0
Premier League,England,2022/23,Fulham,10,52,38,1.3684,15,7,16,55,53,2,52,0
Premier League,England,2022/23,Crystal Palace,11,45,38,1.1842,11,12,15,40,49,-9,45,0
Premier League,England,2022/23,Chelsea,12,44,38,1.1579,11,11,16,38,47,-9,44,0
Premier League,England,2022/23,Wolves,13,41,38,1.0789,11,8,19,31,58,-27,41,0
Premier League,England,2022/23,West Ham,14,40,38,1.0526,11,7,20,42,55,-13,40,0
Premier League,England,2022/23,Bournemouth,15,39,38,1.0263,11,6,21,37,71,-34,39,0
Premier League,England,2022/23,Nott'm Forest,16,38,38,1.0,9,11,18,38,68,-30,38,0
Premier League,England,2022/23,Everton,17,36,38,0.9474,8,12,18,34,57,-23,36,0
Premier League,England,2022/23,Leicester,18,34,38,0.8947,9,7,22,51,68,-17,34,0
Premier League,England,2022/23,Leeds,19,31,38,0.8158,7,10,21,48,78,-30,31,0
Premier League,England,2022/23,Southampton,20,25,38,0.6579,6,7,25,36,73,-37,25,0
Premier League,England,2023/24,Man City,1,91,38,2.3947,28,7,3,96,34,62,91,0
Premier League,England,2023/24,Arsenal,2,89,38,2.3421,28,5,5,91,29,62,89,0
Premier League,England,2023/24,Liverpool,3,82,38,2.1579,24,10,4,86,41,45,82,0
Premier League,England,2023/24,Aston Villa,4,68,38,1.7895,20,8,10,76,61,15,68,0
Premier League,England,2023/24,Tottenham,5,66,38,1.7368,20,6,12,74,61,13,66,0
Premier League,England,2023/24,Chelsea,6,63,38,1.6579,18,9,11,77,63,14,63,0
Premier League,England,2023/24,Newcastle,7,60,38,1.5789,18,6,14,85,62,23,60,0
Premier League,England,2023/24,Man United,8,60,38,1.5789,18,6,14,57,58,-1,60,0
Premier League,England,2023/24,West Ham,9,52,38,1.3684,14,10,14,60,74,-14,52,0
Premier League,England,2023/24,Crystal Palace,10,49,38,1.2895,13,10,15,57,58,-1,49,0
Premier League,England,2023/24,Brighton,11,48,38,1.2632,12,12,14,55,62,-7,48,0
Premier League,England,2023/24,Bournemouth,12,48,38,1.2632,13,9,16,54,67,-13,48,0
Premier League,England,2023/24,Fulham,13,47,38,1.2368,13,8,17,55,61,-6,47,0
Premier League,England,2023/24,Wolves,14,46,38,1.2105,13,7,18,50,65,-15,46,0
Premier League,England,2023/24,Everton,15,40,38,1.0526,13,9,16,40,51,-11,48,-8
Premier League,England,2023/24,Brentford,16,39,38,1.0263,10,9,19,56,65,-9,39,0
Premier League,England,2023/24,Nott'm Forest,17,32,38,0.8421,9,9,20,49,67,-18,36,-4
Premier League,England,2023/24,Luton,18,26,38,0.6842,6,8,24,52,85,-33,26,0
Premier League,England,2023/24,Burnley,19,24,38,0.6316,5,9,24,41,78,-37,24,0
Premier League,England,2023/24,Sheffield United,20,16,38,0.4211,3,7,28,35,104,-69,16,0
Premier League,England,2024/25,Liverpool,1,84,38,2.2105,25,9,4,86,41,45,84,0
Premier League,England,2024/25,Arsenal,2,74,38,1.9474,20,14,4,69,34,35,74,0
Premier League,England,2024/25,Man City,3,71,38,1.8684,21,8,9,72,44,28,71,0
Premier League,England,2024/25,Chelsea,4,69,38,1.8158,20,9,9,64,43,21,69,0
Premier League,England,2024/25,Newcastle,5,66,38,1.7368,20,6,12,68,47,21,66,0
Premier League,England,2024/25,Aston Villa,6,66,38,1.7368,19,9,10,58,51,7,66,0
Premier League,England,2024/25,Nott'm Forest,7,65,38,1.7105,19,8,11,58,46,12,65,0
Premier League,England,2024/25,Brighton,8,61,38,1.6053,16,13,9,66,59,7,61,0
Premier League,England,2024/25,Bournemouth,9,56,38,1.4737,15,11,12,58,46,12,56,0
Premier League,England,2024/25,Brentford,10,56,38,1.4737,16,8,14,66,57,9,56,0
Premier League,England,2024/25,Fulham,11,54,38,1.4211,15,9,14,54,54,0,54,0
Premier League,England,2024/25,Crystal Palace,12,53,38,1.3947,13,14,11,51,51,0,53,0
Premier League,England,2024/25,Everton,13,48,38,1.2632,11,15,12,42,44,-2,48,0
Premier League,England,2024/25,West Ham,14,43,38,1.1316,11,10,17,46,62,-16,43,0
Premier League,England,2024/25,Man United,15,42,38,1.1053,11,9,18,44,54,-10,42,0
Premier League,England,2024/25,Wolves,16,42,38,1.1053,12,6,20,54,69,-15,42,0
Premier League,England,2024/25,Tottenham,17,38,38,1.0,11,5,22,64,65,-1,38,0
Premier League,England,2024/25,Leicester,18,25,38,0.6579,6,7,25,33,80,-47,25,0
Premier League,England,2024/25,Ipswich,19,22,38,0.5789,4,10,24,36,82,-46,22,0
Premier League,England,2024/25,Southampton,20,12,38,0.3158,2,6,30,26,86,-60,12,0
Primeira Liga,Portugal,2015/16,Benfica,1,88,34,2.5882,29,1,4,88,22,66,88,0
Primeira Liga,Portugal,2015/16,Sp Lisbon,2,86,34,2.5294,27,5,2,79,21,58,86,0
Primeira Liga,Portugal,2015/16,Porto,3,73,34,2.1471,23,4,7,67,30,37,73,0
Primeira Liga,Portugal,2015/16,Sp Braga,4,58,34,1.7059,16,10,8,54,35,19,58,0
Primeira Liga,Portugal,2015/16,Arouca,5,54,34,1.5882,13,15,6,47,38,9,54,0
Primeira Liga,Portugal,2015/16,Rio Ave,6,50,34,1.4706,14,8,12,44,44,0,50,0
Primeira Liga,Portugal,2015/16,Pacos Ferreira,7,49,34,1.4412,13,10,11,43,42,1,49,0
Primeira Liga,Portugal,2015/16,Estoril,8,47,34,1.3824,13,8,13,40,41,-1,47,0
Primeira Liga,Portugal,2015/16,Belenenses,9,41,34,1.2059,10,11,13,44,66,-22,41,0
Primeira Liga,Portugal,2015/16,Guimaraes,10,40,34,1.1765,9,13,12,45,53,-8,40,0
Primeira Liga,Portugal,2015/16,Nacional,11,38,34,1.1176,10,8,16,40,56,-16,38,0
Primeira Liga,Portugal,2015/16,Moreirense,12,36,34,1.0588,9,9,16,38,54,-16,36,0
Primeira Liga,Portugal,2015/16,Maritimo,13,35,34,1.0294,10,5,19,45,63,-18,35,0
Primeira Liga,Portugal,2015/16,Boavista,14,33,34,0.9706,8,9,17,24,41,-17,33,0
Primeira Liga,Portugal,2015/16,Setubal,15,30,34,0.8824,6,12,16,40,61,-21,30,0
Primeira Liga,Portugal,2015/16,Tondela,16,30,34,0.8824,8,6,20,34,54,-20,30,0
Primeira Liga,Portugal,2015/16,Uniao Madeira,17,29,34,0.8529,7,8,19,27,50,-23,29,0
Primeira Liga,Portugal,2015/16,Academica,18,25,34,0.7353,5,10,19,32,60,-28,25,0
Primeira Liga,Portugal,2016/17,Benfica,1,82,34,2.4118,25,7,2,72,18,54,82,0
Primeira Liga,Portugal,2016/17,Porto,2,76,34,2.2353,22,10,2,71,19,52,76,0
Primeira Liga,Portugal,2016/17,Sp Lisbon,3,70,34,2.0588,21,7,6,68,36,32,70,0
Primeira Liga,Portugal,2016/17,Guimaraes,4,62,34,1.8235,18,8,8,50,39,11,62,0
Primeira Liga,Portugal,2016/17,Sp Braga,5,54,34,1.5882,15,9,10,51,36,15,54,0
Primeira Liga,Portugal,2016/17,Maritimo,6,50,34,1.4706,13,11,10,34,32,2,50,0
Primeira Liga,Portugal,2016/17,Rio Ave,7,49,34,1.4412,14,7,13,41,39,2,49,0
Primeira Liga,Portugal,2016/17,Feirense,8,48,34,1.4118,14,6,14,31,45,-14,48,0
Primeira Liga,Portugal,2016/17,Boavista,9,43,34,1.2647,10,13,11,33,36,-3,43,0
Primeira Liga,Portugal,2016/17,Estoril,10,38,34,1.1176,10,8,16,36,42,-6,38,0
Primeira Liga,Portugal,2016/17,Chaves,11,38,34,1.1176,8,14,12,35,42,-7,38,0
Primeira Liga,Portugal,2016/17,Setubal,12,38,34,1.1176,10,8,16,30,39,-9,38,0
Primeira Liga,Portugal,2016/17,Pacos Ferreira,13,36,34,1.0588,8,12,14,32,45,-13,36,0
Primeira Liga,Portugal,2016/17,Belenenses,14,36,34,1.0588,9,9,16,27,45,-18,36,0
Primeira Liga,Portugal,2016/17,Moreirense,15,33,34,0.9706,8,9,17,33,48,-15,33,0
Primeira Liga,Portugal,2016/17,Tondela,16,32,34,0.9412,8,8,18,29,52,-23,32,0
Primeira Liga,Portugal,2016/17,Arouca,17,32,34,0.9412,9,5,20,33,57,-24,32,0
Primeira Liga,Portugal,2016/17,Nacional,18,21,34,0.6176,4,9,21,22,58,-36,21,0
Primeira Liga,Portugal,2017/18,Porto,1,88,34,2.5882,28,4,2,82,18,64,88,0
Primeira Liga,Portugal,2017/18,Benfica,2,81,34,2.3824,25,6,3,80,22,58,81,0
Primeira Liga,Portugal,2017/18,Sp Lisbon,3,78,34,2.2941,24,6,4,63,24,39,78,0
Primeira Liga,Portugal,2017/18,Sp Braga,4,75,34,2.2059,24,3,7,74,29,45,75,0
Primeira Liga,Portugal,2017/18,Rio Ave,5,51,34,1.5,15,6,13,40,42,-2,51,0
Primeira Liga,Portugal,2017/18,Chaves,6,47,34,1.3824,13,8,13,47,55,-8,47,0
Primeira Liga,Portugal,2017/18,Maritimo,7,47,34,1.3824,13,8,13,36,49,-13,47,0
Primeira Liga,Portugal,2017/18,Boavista,8,45,34,1.3235,13,6,15,35,44,-9,45,0
Primeira Liga,Portugal,2017/18,Guimaraes,9,43,34,1.2647,13,4,17,45,56,-11,43,0
Primeira Liga,Portugal,2017/18,Portimonense,10,38,34,1.1176,10,8,16,52,60,-8,38,0
Primeira Liga,Portugal,2017/18,Tondela,11,38,34,1.1176,10,8,16,41,50,-9,38,0
Primeira Liga,Portugal,2017/18,Belenenses,12,37,34,1.0882,9,10,15,33,46,-13,37,0
Primeira Liga,Portugal,2017/18,Aves,13,34,34,1.0,9,7,18,36,51,-15,34,0
Primeira Liga,Portugal,2017/18,Setubal,14,32,34,0.9412,7,11,16,39,62,-23,32,0
Primeira Liga,Portugal,2017/18,Moreirense,15,32,34,0.9412,8,8,18,29,50,-21,32,0
Primeira Liga,Portugal,2017/18,Feirense,16,31,34,0.9118,9,4,21,32,48,-16,31,0
Primeira Liga,Portugal,2017/18,Pacos Ferreira,17,30,34,0.8824,7,9,18,33,59,-26,30,0
Primeira Liga,Portugal,2017/18,Estoril,18,30,34,0.8824,8,6,20,29,61,-32,30,0
Primeira Liga,Portugal,2018/19,Benfica,1,87,34,2.5588,28,3,3,103,31,72,87,0
Primeira Liga,Portugal,2018/19,Porto,2,85,34,2.5,27,4,3,74,20,54,85,0
Primeira Liga,Portugal,2018/19,Sp Lisbon,3,74,34,2.1765,23,5,6,72,33,39,74,0
Primeira Liga,Portugal,2018/19,Sp Braga,4,67,34,1.9706,21,4,9,56,37,19,67,0
Primeira Liga,Portugal,2018/19,Guimaraes,5,52,34,1.5294,15,7,12,46,34,12,52,0
Primeira Liga,Portugal,2018/19,Moreirense,6,52,34,1.5294,16,4,14,39,44,-5,52,0
Primeira Liga,Portugal,2018/19,Rio Ave,7,45,34,1.3235,12,9,13,50,52,-2,45,0
Primeira Liga,Portugal,2018/19,Boavista,8,44,34,1.2941,13,5,16,34,40,-6,44,0
Primeira Liga,Portugal,2018/19,Belenenses,9,43,34,1.2647,10,13,11,42,51,-9,43,0
Primeira Liga,Portugal,2018/19,Santa Clara,10,42,34,1.2353,11,9,14,43,45,-2,42,0
Primeira Liga,Portugal,2018/19,Maritimo,11,39,34,1.1471,12,3,19,26,44,-18,39,0
Primeira Liga,Portugal,2018/19,Portimonense,12,39,34,1.1471,11,6,17,44,59,-15,39,0
Primeira Liga,Portugal,2018/19,Setubal,13,36,34,1.0588,8,12,14,28,39,-11,36,0
Primeira Liga,Portugal,2018/19,Aves,14,36,34,1.0588,10,6,18,35,49,-14,36,0
Primeira Liga,Portugal,2018/19,Tondela,15,35,34,1.0294,9,8,17,40,54,-14,35,0
Primeira Liga,Portugal,2018/19,Chaves,16,32,34,0.9412,8,8,18,34,57,-23,32,0
Primeira Liga,Portugal,2018/19,Nacional,17,28,34,0.8235,7,7,20,33,73,-40,28,0
Primeira Liga,Portugal,2018/19,Feirense,18,20,34,0.5882,3,11,20,27,64,-37,20,0
Primeira Liga,Portugal,2019/20,Porto,1,82,34,2.4118,26,4,4,74,22,52,82,0
Primeira Liga,Portugal,2019/20,Benfica,2,77,34,2.2647,24,5,5,71,26,45,77,0
Primeira Liga,Portugal,2019/20,Sp Braga,3,60,34,1.7647,18,6,10,61,40,21,60,0
Primeira Liga,Portugal,2019/20,Sp Lisbon,4,60,34,1.7647,18,6,10,49,34,15,60,0
Primeira Liga,Portugal,2019/20,Rio Ave,5,55,34,1.6176,15,10,9,48,36,12,55,0
Primeira Liga,Portugal,2019/20,Famalicao,6,54,34,1.5882,14,12,8,53,51,2,54,0
Primeira Liga,Portugal,2019/20,Guimaraes,7,50,34,1.4706,13,11,10,53,38,15,50,0
Primeira Liga,Portugal,2019/20,Moreirense,8,43,34,1.2647,10,13,11,42,44,-2,43,0
Primeira Liga,Portugal,2019/20,Santa Clara,9,43,34,1.2647,11,10,13,36,41,-5,43,0
Primeira Liga,Portugal,2019/20,Gil Vicente,10,43,34,1.2647,11,10,13,40,44,-4,43,0
Primeira Liga,Portugal,2019/20,Maritimo,11,39,34,1.1471,9,12,13,34,42,-8,39,0
Primeira Liga,Portugal,2019/20,Boavista,12,39,34,1.1471,10,9,15,28,39,-11,39,0
Primeira Liga,Portugal,2019/20,Pacos Ferreira,13,39,34,1.1471,11,6,17,36,52,-16,39,0
Primeira Liga,Portugal,2019/20,Tondela,14,36,34,1.0588,9,9,16,30,44,-14,36,0
Primeira Liga,Portugal,2019/20,Belenenses,15,35,34,1.0294,9,8,17,27,54,-27,35,0
Primeira Liga,Portugal,2019/20,Setubal,16,34,34,1.0,7,13,14,27,43,-16,34,0
Primeira Liga,Portugal,2019/20,Portimonense,17,33,34,0.9706,7,12,15,30,45,-15,33,0
Primeira Liga,Portugal,2019/20,Aves,18,17,34,0.5,5,2,27,24,68,-44,17,0
Primeira Liga,Portugal,2020/21,Sp Lisbon,1,85,34,2.5,26,7,1,65,20,45,85,0
Primeira Liga,Portugal,2020/21,Porto,2,80,34,2.3529,24,8,2,74,29,45,80,0
Primeira Liga,Portugal,2020/21,Benfica,3,76,34,2.2353,23,7,4,69,27,42,76,0
Primeira Liga,Portugal,2020/21,Sp Braga,4,64,34,1.8824,19,7,8,53,33,20,64,0
Primeira Liga,Portugal,2020/21,Pacos Ferreira,5,53,34,1.5588,15,8,11,40,41,-1,53,0
Primeira Liga,Portugal,2020/21,Santa Clara,6,46,34,1.3529,13,7,14,44,36,8,46,0
Primeira Liga,Portugal,2020/21,Guimaraes,7,43,34,1.2647,12,7,15,37,44,-7,43,0
Primeira Liga,Portugal,2020/21,Moreirense,8,43,34,1.2647,10,13,11,37,43,-6,43,0
Primeira Liga,Portugal,2020/21,Famalicao,9,40,34,1.1765,10,10,14,40,48,-8,40,0
Primeira Liga,Portugal,2020/21,Belenenses,10,40,34,1.1765,9,13,12,25,35,-10,40,0
Primeira Liga,Portugal,2020/21,Gil Vicente,11,39,34,1.1471,11,6,17,33,42,-9,39,0
Primeira Liga,Portugal,2020/21,Tondela,12,36,34,1.0588,10,6,18,36,57,-21,36,0
Primeira Liga,Portugal,2020/21,Boavista,13,36,34,1.0588,8,12,14,39,49,-10,36,0
Primeira Liga,Portugal,2020/21,Portimonense,14,35,34,1.0294,9,8,17,34,41,-7,35,0
Primeira Liga,Portugal,2020/21,Maritimo,15,35,34,1.0294,10,5,19,27,47,-20,35,0
Primeira Liga,Portugal,2020/21,Rio Ave,16,34,34,1.0,7,13,14,25,40,-15,34,0
Primeira Liga,Portugal,2020/21,Farense,17,31,34,0.9118,7,10,17,31,48,-17,31,0
Primeira Liga,Portugal,2020/21,Nacional,18,25,34,0.7353,6,7,21,30,59,-29,25,0
Primeira Liga,Portugal,2021/22,Porto,1,91,34,2.6765,29,4,1,86,22,64,91,0
Primeira Liga,Portugal,2021/22,Sp Lisbon,2,85,34,2.5,27,4,3,73,23,50,85,0
Primeira Liga,Portugal,2021/22,Benfica,3,74,34,2.1765,23,5,6,78,30,48,74,0
Primeira Liga,Portugal,2021/22,Sp Braga,4,65,34,1.9118,19,8,7,52,31,21,65,0
Primeira Liga,Portugal,2021/22,Gil Vicente,5,51,34,1.5,13,12,9,47,42,5,51,0
Primeira Liga,Portugal,2021/22,Guimaraes,6,48,34,1.4118,13,9,12,50,41,9,48,0
Primeira Liga,Portugal,2021/22,Santa Clara,7,40,34,1.1765,9,13,12,38,54,-16,40,0
Primeira Liga,Portugal,2021/22,Famalicao,8,39,34,1.1471,9,12,13,45,51,-6,39,0
Primeira Liga,Portugal,2021/22,Estoril,9,39,34,1.1471,9,12,13,36,43,-7,39,0
Primeira Liga,Portugal,2021/22,Maritimo,10,38,34,1.1176,9,11,14,39,44,-5,38,0
Primeira Liga,Portugal,2021/22,Pacos Ferreira,11,38,34,1.1176,9,11,14,29,44,-15,38,0
Primeira Liga,Portugal,2021/22,Boavista,12,38,34,1.1176,7,17,10,39,52,-13,38,0
Primeira Liga,Portugal,2021/22,Portimonense,13,38,34,1.1176,10,8,16,31,45,-14,38,0
Primeira Liga,Portugal,2021/22,Vizela,14,33,34,0.9706,7,12,15,37,58,-21,33,0
Primeira Liga,Portugal,2021/22,Arouca,15,31,34,0.9118,7,10,17,30,54,-24,31,0
Primeira Liga,Portugal,2021/22,Moreirense,16,29,34,0.8529,7,8,19,33,51,-18,29,0
Primeira Liga,Portugal,2021/22,Tondela,17,28,34,0.8235,7,7,20,41,67,-26,28,0
Primeira Liga,Portugal,2021/22,Belenenses,18,26,34,0.7647,5,11,18,23,55,-32,26,0
Primeira Liga,Portugal,2022/23,Benfica,1,87,34,2.5588,28,3,3,82,20,62,87,0
Primeira Liga,Portugal,2022/23,Porto,2,85,34,2.5,27,4,3,73,22,51,85,0
Primeira Liga,Portugal,2022/23,Sp Braga,3,78,34,2.2941,25,3,6,75,30,45,78,0
Primeira Liga,Portugal,2022/23,Sp Lisbon,4,74,34,2.1765,23,5,6,71,32,39,74,0
Primeira Liga,Portugal,2022/23,Arouca,5,54,34,1.5882,15,9,10,36,37,-1,54,0
Primeira Liga,Portugal,2022/23,Guimaraes,6,53,34,1.5588,16,5,13,34,39,-5,53,0
Primeira Liga,Portugal,2022/23,Chaves,7,46,34,1.3529,12,10,12,35,40,-5,46,0
Primeira Liga,Portugal,2022/23,Famalicao,8,44,34,1.2941,13,5,16,39,47,-8,44,0
Primeira Liga,Portugal,2022/23,Boavista,9,44,34,1.2941,12,8,14,43,54,-11,44,0
Primeira Liga,Portugal,2022/23,Casa Pia,10,41,34,1.2059,11,8,15,31,40,-9,41,0
Primeira Liga,Portugal,2022/23,Vizela,11,40,34,1.1765,11,7,16,34,38,-4,40,0
Primeira Liga,Portugal,2022/23,Rio Ave,12,40,34,1.1765,10,10,14,36,43,-7,40,0
Primeira Liga,Portugal,2022/23,Gil Vicente,13,37,34,1.0882,10,7,17,32,41,-9,37,0
Primeira Liga,Portugal,2022/23,Estoril,14,35,34,1.0294,10,5,19,33,49,-16,35,0
Primeira Liga,Portugal,2022/23,Portimonense,15,34,34,1.0,10,4,20,25,48,-23,34,0
Primeira Liga,Portugal,2022/23,Maritimo,16,26,34,0.7647,7,5,22,32,63,-31,26,0
Primeira Liga,Portugal,2022/23,Pacos Ferreira,17,23,34,0.6765,6,5,23,26,62,-36,23,0
Primeira Liga,Portugal,2022/23,Santa Clara,18,22,34,0.6471,5,7,22,26,58,-32,22,0
Primeira Liga,Portugal,2023/24,Sp Lisbon,1,90,34,2.6471,29,3,2,96,29,67,90,0
Primeira Liga,Portugal,2023/24,Benfica,2,80,34,2.3529,25,5,4,77,28,49,80,0
Primeira Liga,Portugal,2023/24,Porto,3,72,34,2.1176,22,6,6,63,27,36,72,0
Primeira Liga,Portugal,2023/24,Sp Braga,4,68,34,2.0,21,5,8,71,50,21,68,0
Primeira Liga,Portugal,2023/24,Guimaraes,5,63,34,1.8529,19,6,9,52,38,14,63,0
Primeira Liga,Portugal,2023/24,Moreirense,6,55,34,1.6176,16,7,11,36,35,1,55,0
Primeira Liga,Portugal,2023/24,Arouca,7,46,34,1.3529,13,7,14,54,50,4,46,0
Primeira Liga,Portugal,2023/24,Famalicao,8,42,34,1.2353,10,12,12,37,41,-4,42,0
Primeira Liga,Portugal,2023/24,Casa Pia,9,38,34,1.1176,10,8,16,38,50,-12,38,0
Primeira Liga,Portugal,2023/24,Farense,10,37,34,1.0882,10,7,17,46,51,-5,37,0
Primeira Liga,Portugal,2023/24,Rio Ave,11,37,34,1.0882,6,19,9,38,43,-5,37,0
Primeira Liga,Portugal,2023/24,Gil Vicente,12,36,34,1.0588,9,9,16,42,52,-10,36,0
Primeira Liga,Portugal,2023/24,Estoril,13,33,34,0.9706,9,6,19,49,58,-9,33,0
Primeira Liga,Portugal,2023/24,Estrela,14,33,34,0.9706,7,12,15,33,53,-20,33,0
Primeira Liga,Portugal,2023/24,Boavista,15,32,34,0.9412,7,11,16,39,62,-23,32,0
Primeira Liga,Portugal,2023/24,Portimonense,16,32,34,0.9412,8,8,18,39,72,-33,32,0
Primeira Liga,Portugal,2023/24,Vizela,17,26,34,0.7647,5,11,18,36,66,-30,26,0
Primeira Liga,Portugal,2023/24,Chaves,18,23,34,0.6765,5,8,21,31,72,-41,23,0
Primeira Liga,Portugal,2024/25,Sporting Lisbon,1,82,34,2.4118,25,7,2,88,27,61,82,0
Primeira Liga,Portugal,2024/25,Benfica,2,80,34,2.3529,25,5,4,84,28,56,80,0
Primeira Liga,Portugal,2024/25,Porto,3,71,34,2.0882,22,5,7,65,30,35,71,0
Primeira Liga,Portugal,2024/25,Braga,4,66,34,1.9412,19,9,6,55,30,25,66,0
Primeira Liga,Portugal,2024/25,Santa Clara,5,57,34,1.6765,17,6,11,36,32,4,57,0
Primeira Liga,Portugal,2024/25,Vitoria de Guimaraes,6,54,34,1.5882,14,12,8,47,37,10,54,0
Primeira Liga,Portugal,2024/25,Famalicao,7,47,34,1.3824,12,11,11,44,39,5,47,0
Primeira Liga,Portugal,2024/25,Estoril Praia,8,46,34,1.3529,12,10,12,48,53,-5,46,0
Primeira Liga,Portugal,2024/25,Casa Pia,9,45,34,1.3235,12,9,13,39,44,-5,45,0
Primeira Liga,Portugal,2024/25,Moreirense,10,40,34,1.1765,10,10,14,42,50,-8,40,0
Primeira Liga,Portugal,2024/25,Rio Ave,11,38,34,1.1176,9,11,14,39,55,-16,38,0
Primeira Liga,Portugal,2024/25,Arouca,12,38,34,1.1176,9,11,14,35,49,-14,38,0
Primeira Liga,Portugal,2024/25,Gil Vicente,13,34,34,1.0,8,10,16,34,47,-13,34,0
Primeira Liga,Portugal,2024/25,Nacional,14,34,34,1.0,9,7,18,32,50,-18,34,0
Primeira Liga,Portugal,2024/25,Estrela Amadora,15,29,34,0.8529,7,8,19,24,50,-26,29,0
Primeira Liga,Portugal,2024/25,AVS,16,27,34,0.7941,5,12,17,25,60,-35,27,0
Primeira Liga,Portugal,2024/25,SC Farense,17,27,34,0.7941,6,9,19,25,46,-21,27,0
Primeira Liga,Portugal,2024/25,Boavista,18,24,34,0.7059,6,6,22,24,59,-35,24,0
Serie A,Italy,2015/16,Juventus,1,91,38,2.3947,29,4,5,75,20,55,91,0
Serie A,Italy,2015/16,Napoli,2,82,38,2.1579,25,7,6,80,32,48,82,0
Serie A,Italy,2015/16,Roma,3,80,38,2.1053,23,11,4,83,41,42,80,0
Serie A,Italy,2015/16,Inter,4,67,38,1.7632,20,7,11,50,38,12,67,0
Serie A,Italy,2015/16,Fiorentina,5,64,38,1.6842,18,10,10,60,42,18,64,0
Serie A,Italy,2015/16,Sassuolo,6,61,38,1.6053,16,13,9,49,40,9,61,0
Serie A,Italy,2015/16,Milan,7,57,38,1.5,15,12,11,49,43,6,57,0
Serie A,Italy,2015/16,Lazio,8,54,38,1.4211,15,9,14,52,52,0,54,0
Serie A,Italy,2015/16,Chievo,9,50,38,1.3158,13,11,14,43,45,-2,50,0
Serie A,Italy,2015/16,Empoli,10,46,38,1.2105,12,10,16,40,49,-9,46,0
Serie A,Italy,2015/16,Genoa,11,46,38,1.2105,13,7,18,45,48,-3,46,0
Serie A,Italy,2015/16,Torino,12,45,38,1.1842,12,9,17,52,55,-3,45,0
Serie A,Italy,2015/16,Atalanta,13,45,38,1.1842,11,12,15,41,47,-6,45,0
Serie A,Italy,2015/16,Bologna,14,42,38,1.1053,11,9,18,33,45,-12,42,0
Serie A,Italy,2015/16,Sampdoria,15,40,38,1.0526,10,10,18,48,61,-13,40,0
Serie A,Italy,2015/16,Palermo,16,39,38,1.0263,10,9,19,38,65,-27,39,0
Serie A,Italy,2015/16,Udinese,17,39,38,1.0263,10,9,19,35,60,-25,39,0
Serie A,Italy,2015/16,Carpi,18,38,38,1.0,9,11,18,37,57,-20,38,0
Serie A,Italy,2015/16,Frosinone,19,31,38,0.8158,8,7,23,35,76,-41,31,0
Serie A,Italy,2015/16,Verona,20,28,38,0.7368,5,13,20,34,63,-29,28,0
Serie A,Italy,2016/17,Juventus,1,91,38,2.3947,29,4,5,77,27,50,91,0
Serie A,Italy,2016/17,Roma,2,87,38,2.2895,28,3,7,90,38,52,87,0
Serie A,Italy,2016/17,Napoli,3,86,38,2.2632,26,8,4,94,39,55,86,0
Serie A,Italy,2016/17,Atalanta,4,72,38,1.8947,21,9,8,62,41,21,72,0
Serie A,Italy,2016/17,Lazio,5,70,38,1.8421,21,7,10,74,51,23,70,0
Serie A,Italy,2016/17,Milan,6,63,38,1.6579,18,9,11,57,45,12,63,0
Serie A,Italy,2016/17,Inter,7,62,38,1.6316,19,5,14,72,49,23,62,0
Serie A,Italy,2016/17,Fiorentina,8,60,38,1.5789,16,12,10,63,57,6,60,0
Serie A,Italy,2016/17,Torino,9,53,38,1.3947,13,14,11,71,66,5,53,0
Serie A,Italy,2016/17,Sampdoria,10,48,38,1.2632,12,12,14,49,55,-6,48,0
Serie A,Italy,2016/17,Cagliari,11,47,38,1.2368,14,5,19,55,76,-21,47,0
Serie A,Italy,2016/17,Sassuolo,12,46,38,1.2105,13,7,18,58,63,-5,46,0
Serie A,Italy,2016/17,Udinese,13,45,38,1.1842,12,9,17,47,56,-9,45,0
Serie A,Italy,2016/17,Chievo,14,43,38,1.1316,12,7,19,43,61,-18,43,0
Serie A,Italy,2016/17,Bologna,15,41,38,1.0789,11,8,19,40,58,-18,41,0
Serie A,Italy,2016/17,Genoa,16,36,38,0.9474,9,9,20,38,64,-26,36,0
Serie A,Italy,2016/17,Crotone,17,34,38,0.8947,9,7,22,34,58,-24,34,0
Serie A,Italy,2016/17,Empoli,18,32,38,0.8421,8,8,22,29,61,-32,32,0
Serie A,Italy,2016/17,Palermo,19,26,38,0.6842,6,8,24,33,77,-44,26,0
Serie A,Italy,2016/17,Pescara,20,18,38,0.4737,3,9,26,37,81,-44,18,0
Serie A,Italy,2017/18,Juventus,1,95,38,2.5,30,5,3,86,24,62,95,0
Serie A,Italy,2017/18,Napoli,2,91,38,2.3947,28,7,3,77,29,48,91,0
Serie A,Italy,2017/18,Roma,3,77,38,2.0263,23,8,7,61,28,33,77,0
Serie A,Italy,2017/18,Inter,4,72,38,1.8947,20,12,6,66,30,36,72,0
Serie A,Italy,2017/18,Lazio,5,72,38,1.8947,21,9,8,89,49,40,72,0
Serie A,Italy,2017/18,Milan,6,64,38,1.6842,18,10,10,56,42,14,64,0
Serie A,Italy,2017/18,Atalanta,7,60,38,1.5789,16,12,10,57,39,18,60,0
Serie A,Italy,2017/18,Fiorentina,8,57,38,1.5,16,9,13,54,46,8,57,0
Serie A,Italy,2017/18,Torino,9,54,38,1.4211,13,15,10,54,46,8,54,0
Serie A,Italy,2017/18,Sampdoria,10,54,38,1.4211,16,6,16,56,60,-4,54,0
Serie A,Italy,2017/18,Sassuolo,11,43,38,1.1316,11,10,17,29,59,-30,43,0
Serie A,Italy,2017/18,Genoa,12,41,38,1.0789,11,8,19,33,43,-10,41,0
Serie A,Italy,2017/18,Chievo,13,40,38,1.0526,10,10,18,36,59,-23,40,0
Serie A,Italy,2017/18,Udinese,14,40,38,1.0526,12,4,22,48,63,-15,40,0
Serie A,Italy,2017/18,Bologna,15,39,38,1.0263,11,6,21,40,52,-12,39,0
Serie A,Italy,2017/18,Cagliari,16,39,38,1.0263,11,6,21,33,61,-28,39,0
Serie A,Italy,2017/18,Spal,17,38,38,1.0,8,14,16,39,59,-20,38,0
Serie A,Italy,2017/18,Crotone,18,35,38,0.9211,9,8,21,40,66,-26,35,0
Serie A,Italy,2017/18,Verona,19,25,38,0.6579,7,4,27,30,78,-48,25,0
Serie A,Italy,2017/18,Benevento,20,21,38,0.5526,6,3,29,33,84,-51,21,0
Serie A,Italy,2018/19,Juventus,1,90,38,2.3684,28,6,4,70,30,40,90,0
Serie A,Italy,2018/19,Napoli,2,79,38,2.0789,24,7,7,74,36,38,79,0
Serie A,Italy,2018/19,Atalanta,3,69,38,1.8158,20,9,9,77,46,31,69,0
Serie A,Italy,2018/19,Inter,4,69,38,1.8158,20,9,9,57,33,24,69,0
Serie A,Italy,2018/19,Milan,5,68,38,1.7895,19,11,8,55,36,19,68,0
Serie A,Italy,2018/19,Roma,6,66,38,1.7368,18,12,8,66,48,18,66,0
Serie A,Italy,2018/19,Torino,7,63,38,1.6579,16,15,7,52,37,15,63,0
Serie A,Italy,2018/19,Lazio,8,59,38,1.5526,17,8,13,56,46,10,59,0
Serie A,Italy,2018/19,Sampdoria,9,53,38,1.3947,15,8,15,60,51,9,53,0
Serie A,Italy,2018/19,Bologna,10,44,38,1.1579,11,11,16,48,56,-8,44,0
Serie A,Italy,2018/19,Sassuolo,11,43,38,1.1316,9,16,13,53,60,-7,43,0
Serie A,Italy,2018/19,Udinese,12,43,38,1.1316,11,10,17,39,53,-14,43,0
Serie A,Italy,2018/19,Spal,13,42,38,1.1053,11,9,18,44,56,-12,42,0
Serie A,Italy,2018/19,Parma,14,41,38,1.0789,10,11,17,41,61,-20,41,0
Serie A,Italy,2018/19,Cagliari,15,41,38,1.0789,10,11,17,36,54,-18,41,0
Serie A,Italy,2018/19,Fiorentina,16,41,38,1.0789,8,17,13,47,45,2,41,0
Serie A,Italy,2018/19,Genoa,17,38,38,1.0,8,14,16,39,57,-18,38,0
Serie A,Italy,2018/19,Empoli,18,38,38,1.0,10,8,20,51,70,-19,38,0
Serie A,Italy,2018/19,Frosinone,19,25,38,0.6579,5,10,23,29,69,-40,25,0
Serie A,Italy,2018/19,Chievo,20,17,38,0.4474,2,14,22,25,75,-50,20,-3
Serie A,Italy,2019/20,Juventus,1,83,38,2.1842,26,5,7,76,43,33,83,0
Serie A,Italy,2019/20,Inter,2,82,38,2.1579,24,10,4,81,36,45,82,0
Serie A,Italy,2019/20,Atalanta,3,78,38,2.0526,23,9,6,98,48,50,78,0
Serie A,Italy,2019/20,Lazio,4,78,38,2.0526,24,6,8,79,42,37,78,0
Serie A,Italy,2019/20,Roma,5,70,38,1.8421,21,7,10,77,51,26,70,0
Serie A,Italy,2019/20,Milan,6,66,38,1.7368,19,9,10,63,46,17,66,0
Serie A,Italy,2019/20,Napoli,7,62,38,1.6316,18,8,12,61,50,11,62,0
Serie A,Italy,2019/20,Sassuolo,8,51,38,1.3421,14,9,15,69,63,6,51,0
Serie A,Italy,2019/20,Verona,9,49,38,1.2895,12,13,13,47,51,-4,49,0
Serie A,Italy,2019/20,Fiorentina,10,49,38,1.2895,12,13,13,51,48,3,49,0
Serie A,Italy,2019/20,Parma,11,49,38,1.2895,14,7,17,56,57,-1,49,0
Serie A,Italy,2019/20,Bologna,12,47,38,1.2368,12,11,15,52,65,-13,47,0
Serie A,Italy,2019/20,Udinese,13,45,38,1.1842,12,9,17,37,51,-14,45,0
Serie A,Italy,2019/20,Cagliari,14,45,38,1.1842,11,12,15,52,56,-4,45,0
Serie A,Italy,2019/20,Sampdoria,15,42,38,1.1053,12,6,20,48,65,-17,42,0
Serie A,Italy,2019/20,Torino,16,40,38,1.0526,11,7,20,46,68,-22,40,0
Serie A,Italy,2019/20,Genoa,17,39,38,1.0263,10,9,19,47,73,-26,39,0
Serie A,Italy,2019/20,Lecce,18,35,38,0.9211,9,8,21,52,85,-33,35,0
Serie A,Italy,2019/20,Brescia,19,25,38,0.6579,6,7,25,35,79,-44,25,0
Serie A,Italy,2019/20,Spal,20,20,38,0.5263,5,5,28,27,77,-50,20,0
Serie A,Italy,2020/21,Inter,1,91,38,2.3947,28,7,3,89,35,54,91,0
Serie A,Italy,2020/21,Milan,2,79,38,2.0789,24,7,7,74,41,33,79,0
Serie A,Italy,2020/21,Atalanta,3,78,38,2.0526,23,9,6,90,47,43,78,0
Serie A,Italy,2020/21,Juventus,4,78,38,2.0526,23,9,6,77,38,39,78,0
Serie A,Italy,2020/21,Napoli,5,77,38,2.0263,24,5,9,86,41,45,77,0
Serie A,Italy,2020/21,Lazio,6,68,38,1.7895,21,5,12,61,55,6,68,0
Serie A,Italy,2020/21,Roma,7,62,38,1.6316,18,8,12,68,58,10,62,0
Serie A,Italy,2020/21,Sassuolo,8,62,38,1.6316,17,11,10,64,56,8,62,0
Serie A,Italy,2020/21,Sampdoria,9,52,38,1.3684,15,7,16,52,54,-2,52,0
Serie A,Italy,2020/21,Verona,10,45,38,1.1842,11,12,15,46,48,-2,45,0
Serie A,Italy,2020/21,Genoa,11,42,38,1.1053,10,12,16,47,58,-11,42,0
Serie A,Italy,2020/21,Bologna,12,41,38,1.0789,10,11,17,51,65,-14,41,0
Serie A,Italy,2020/21,Fiorentina,13,40,38,1.0526,9,13,16,47,59,-12,40,0
Serie A,Italy,2020/21,Udinese,14,40,38,1.0526,10,10,18,42,58,-16,40,0
Serie A,Italy,2020/21,Spezia,15,39,38,1.0263,9,12,17,52,72,-20,39,0
Serie A,Italy,2020/21,Cagliari,16,37,38,0.9737,9,10,19,43,59,-16,37,0
Serie A,Italy,2020/21,Torino,17,37,38,0.9737,7,16,15,50,69,-19,37,0
Serie A,Italy,2020/21,Benevento,18,33,38,0.8684,7,12,19,40,75,-35,33,0
Serie A,Italy,2020/21,Crotone,19,23,38,0.6053,6,5,27,45,92,-47,23,0
Serie A,Italy,2020/21,Parma,20,20,38,0.5263,3,11,24,39,83,-44,20,0
Serie A,Italy,2021/22,Milan,1,86,38,2.2632,26,8,4,69,31,38,86,0
Serie A,Italy,2021/22,Inter,2,84,38,2.2105,25,9,4,84,32,52,84,0
Serie A,Italy,2021/22,Napoli,3,79,38,2.0789,24,7,7,74,31,43,79,0
Serie A,Italy,2021/22,Juventus,4,70,38,1.8421,20,10,8,57,37,20,70,0
Serie A,Italy,2021/22,Lazio,5,64,38,1.6842,18,10,10,77,58,19,64,0
Serie A,Italy,2021/22,Roma,6,63,38,1.6579,18,9,11,59,43,16,63,0
Serie A,Italy,2021/22,Fiorentina,7,62,38,1.6316,19,5,14,59,51,8,62,0
Serie A,Italy,2021/22,Atalanta,8,59,38,1.5526,16,11,11,65,48,17,59,0
Serie A,Italy,2021/22,Verona,9,53,38,1.3947,14,11,13,65,59,6,53,0
Serie A,Italy,2021/22,Torino,10,50,38,1.3158,13,11,14,46,41,5,50,0
Serie A,Italy,2021/22,Sassuolo,11,50,38,1.3158,13,11,14,64,66,-2,50,0
Serie A,Italy,2021/22,Udinese,12,47,38,1.2368,11,14,13,61,58,3,47,0
Serie A,Italy,2021/22,Bologna,13,46,38,1.2105,12,10,16,44,55,-11,46,0
Serie A,Italy,2021/22,Empoli,14,41,38,1.0789,10,11,17,50,70,-20,41,0
Serie A,Italy,2021/22,Sampdoria,15,36,38,0.9474,10,6,22,46,63,-17,36,0
Serie A,Italy,2021/22,Spezia,16,36,38,0.9474,10,6,22,41,71,-30,36,0
Serie A,Italy,2021/22,Salernitana,17,31,38,0.8158,7,10,21,33,78,-45,31,0
Serie A,Italy,2021/22,Cagliari,18,30,38,0.7895,6,12,20,34,68,-34,30,0
Serie A,Italy,2021/22,Genoa,19,28,38,0.7368,4,16,18,27,60,-33,28,0
Serie A,Italy,2021/22,Venezia,20,27,38,0.7105,6,9,23,34,69,-35,27,0
Serie A,Italy,2022/23,Napoli,1,90,38,2.3684,28,6,4,77,28,49,90,0
Serie A,Italy,2022/23,Lazio,2,74,38,1.9474,22,8,8,60,30,30,74,0
Serie A,Italy,2022/23,Inter,3,72,38,1.8947,23,3,12,71,42,29,72,0
Serie A,Italy,2022/23,Milan,4,70,38,1.8421,20,10,8,64,43,21,70,0
Serie A,Italy,2022/23,Atalanta,5,64,38,1.6842,19,7,12,66,48,18,64,0
Serie A,Italy,2022/23,Roma,6,63,38,1.6579,18,9,11,50,38,12,63,0
Serie A,Italy,2022/23,Juventus,7,62,38,1.6316,22,6,10,56,33,23,72,-10
Serie A,Italy,2022/23,Fiorentina,8,56,38,1.4737,15,11,12,53,43,10,56,0
Serie A,Italy,2022/23,Bologna,9,54,38,1.4211,14,12,12,53,49,4,54,0
Serie A,Italy,2022/23,Torino,10,53,38,1.3947,14,11,13,42,41,1,53,0
Serie A,Italy,2022/23,Monza,11,52,38,1.3684,14,10,14,48,52,-4,52,0
Serie A,Italy,2022/23,Udinese,12,46,38,1.2105,11,13,14,47,48,-1,46,0
Serie A,Italy,2022/23,Sassuolo,13,45,38,1.1842,12,9,17,47,61,-14,45,0
Serie A,Italy,2022/23,Empoli,14,43,38,1.1316,10,13,15,37,49,-12,43,0
Serie A,Italy,2022/23,Salernitana,15,42,38,1.1053,9,15,14,48,62,-14,42,0
Serie A,Italy,2022/23,Lecce,16,36,38,0.9474,8,12,18,33,46,-13,36,0
Serie A,Italy,2022/23,Spezia,17,31,38,0.8158,6,13,19,31,62,-31,31,0
Serie A,Italy,2022/23,Verona,18,31,38,0.8158,7,10,21,31,59,-28,31,0
Serie A,Italy,2022/23,Cremonese,19,27,38,0.7105,5,12,21,36,69,-33,27,0
Serie A,Italy,2022/23,Sampdoria,20,19,38,0.5,3,10,25,24,71,-47,19,0
Serie A,Italy,2023/24,Inter,1,94,38,2.4737,29,7,2,89,22,67,94,0
Serie A,Italy,2023/24,Milan,2,75,38,1.9737,22,9,7,76,49,27,75,0
Serie A,Italy,2023/24,Juventus,3,71,38,1.8684,19,14,5,54,31,23,71,0
Serie A,Italy,2023/24,Atalanta,4,69,38,1.8158,21,6,11,72,42,30,69,0
Serie A,Italy,2023/24,Bologna,5,68,38,1.7895,18,14,6,54,32,22,68,0
Serie A,Italy,2023/24,Roma,6,63,38,1.6579,18,9,11,65,46,19,63,0
Serie A,Italy,2023/24,Lazio,7,61,38,1.6053,18,7,13,49,39,10,61,0
Serie A,Italy,2023/24,Fiorentina,8,60,38,1.5789,17,9,12,61,46,15,60,0
Serie A,Italy,2023/24,Torino,9,53,38,1.3947,13,14,11,36,36,0,53,0
Serie A,Italy,2023/24,Napoli,10,53,38,1.3947,13,14,11,55,48,7,53,0
Serie A,Italy,2023/24,Genoa,11,49,38,1.2895,12,13,13,45,45,0,49,0
Serie A,Italy,2023/24,Monza,12,45,38,1.1842,11,12,15,39,51,-12,45,0
Serie A,Italy,2023/24,Verona,13,38,38,1.0,9,11,18,38,51,-13,38,0
Serie A,Italy,2023/24,Lecce,14,38,38,1.0,8,14,16,32,54,-22,38,0
Serie A,Italy,2023/24,Udinese,15,37,38,0.9737,6,19,13,37,53,-16,37,0
Serie A,Italy,2023/24,Cagliari,16,36,38,0.9474,8,12,18,42,68,-26,36,0
Serie A,Italy,2023/24,Empoli,17,36,38,0.9474,9,9,20,29,54,-25,36,0
Serie A,Italy,2023/24,Frosinone,18,35,38,0.9211,8,11,19,44,69,-25,35,0
Serie A,Italy,2023/24,Sassuolo,19,30,38,0.7895,7,9,22,43,75,-32,30,0
Serie A,Italy,2023/24,Salernitana,20,17,38,0.4474,2,11,25,32,81,-49,17,0
Serie A,Italy,2024/25,Napoli,1,82,38,2.1579,24,10,4,59,27,32,82,0
Serie A,Italy,2024/25,Inter,2,81,38,2.1316,24,9,5,79,35,44,81,0
Serie A,Italy,2024/25,Atalanta,3,74,38,1.9474,22,8,8,78,37,41,74,0
Serie A,Italy,2024/25,Juventus,4,70,38,1.8421,18,16,4,58,35,23,70,0
Serie A,Italy,2024/25,Roma,5,69,38,1.8158,20,9,9,56,35,21,69,0
Serie A,Italy,2024/25,Fiorentina,6,65,38,1.7105,19,8,11,60,41,19,65,0
Serie A,Italy,2024/25,Lazio,7,65,38,1.7105,18,11,9,61,49,12,65,0
Serie A,Italy,2024/25,Milan,8,63,38,1.6579,18,9,11,61,43,18,63,0
Serie A,Italy,2024/25,Bologna,9,62,38,1.6316,16,14,8,57,47,10,62,0
Serie A,Italy,2024/25,Como,10,49,38,1.2895,13,10,15,49,52,-3,49,0
Serie A,Italy,2024/25,Torino,11,44,38,1.1579,10,14,14,39,45,-6,44,0
Serie A,Italy,2024/25,Udinese,12,44,38,1.1579,12,8,18,41,56,-15,44,0
Serie A,Italy,2024/25,Genoa,13,43,38,1.1316,10,13,15,37,49,-12,43,0
Serie A,Italy,2024/25,Verona,14,37,38,0.9737,10,7,21,34,66,-32,37,0
Serie A,Italy,2024/25,Cagliari,15,36,38,0.9474,9,9,20,40,56,-16,36,0
Serie A,Italy,2024/25,Parma,16,36,38,0.9474,7,15,16,44,58,-14,36,0
Serie A,Italy,2024/25,Lecce,17,34,38,0.8947,8,10,20,27,58,-31,34,0
Serie A,Italy,2024/25,Empoli,18,31,38,0.8158,6,13,19,33,59,-26,31,0
Serie A,Italy,2024/25,Venezia,19,29,38,0.7632,5,14,19,32,56,-24,29,0
Serie A,Italy,2024/25,Monza,20,18,38,0.4737,3,9,26,28,69,-41,18,0
