league,rank,avg_ppg,min_ppg,max_ppg,sd_ppg,season_count
Bundesliga,1,2.38824,2.0882,2.6471,0.16277172290596972,10
Bundesliga,2,2.05882,1.8529,2.2941,0.13725714553348398,10
Bundesliga,3,1.87354,1.6176,2.1176,0.13446684184420918,10
Bundesliga,4,1.75882,1.6176,1.9118,0.10988946769873402,10
Bundesliga,5,1.67057,1.4412,1.8529,0.1335544337630832,10
Bundesliga,6,1.5147,1.3824,1.6176,0.0749555868498139,10
Bundesliga,7,1.47353,1.3529,1.5882,0.06420899988838535,10
Bundesliga,8,1.40294,1.2353,1.5588,0.09510903917784752,10
Bundesliga,9,1.35293,1.2353,1.5,0.08203252810115429,10
Bundesliga,10,1.27058,1.2059,1.3235,0.04554628415139919,10
Bundesliga,11,1.22648,1.1471,1.2647,0.03932230918956817,10
Bundesliga,12,1.17353,1.0588,1.2647,0.07265178823217865,10
Bundesliga,13,1.10881,1.0294,1.2353,0.06362741285536187,10
Bundesliga,14,1.0441,0.9412,1.1176,0.06236681810065345,10
Bundesliga,15,1.0147,0.9412,1.0882,0.057561966609906576,10
Bundesliga,16,0.95882,0.8235,1.0882,0.08108326036310523,10
Bundesliga,17,0.85001,0.6176,0.9706,0.10871072164234769,10
Bundesliga,18,0.63529,0.4706,0.8529,0.12570098956562664,10
Eredivisie,1,2.45342,2.24,2.6765,0.12480600769015704,10
Eredivisie,2,2.32695,2.1176,2.4706,0.11262975973417404,10
Eredivisie,3,2.03234,1.8529,2.2353,0.1050880181350641,10
Eredivisie,4,1.86494,1.7059,2.0,0.09828749440063854,10
Eredivisie,5,1.66335,1.5,1.8824,0.11819123157925984,10
Eredivisie,6,1.55223,1.4412,1.7353,0.0899090905056633,10
Eredivisie,7,1.4577,1.3235,1.5882,0.08497322454096284,10
Eredivisie,8,1.33846,1.2059,1.4412,0.0738526641361028,10
Eredivisie,9,1.28461,1.1471,1.3529,0.06725573829297642,10
Eredivisie,10,1.22397,1.1176,1.3529,0.07521068260412068,10
Eredivisie,11,1.1828,1.0882,1.2692,0.06083129676956318,10
Eredivisie,12,1.14367,1.0588,1.2353,0.06502816569251614,10
Eredivisie,13,1.09298,1.0,1.1765,0.053615084941957665,10
Eredivisie,14,1.02737,0.9118,1.1176,0.06278743770320086,10
Eredivisie,15,0.95589,0.8529,1.0294,0.06238515581984764,10
Eredivisie,16,0.90294,0.7647,1.0,0.08440155606780401,10
Eredivisie,17,0.75249,0.5588,0.9706,0.14693310987581315,10
Eredivisie,18,0.59594,0.1765,0.7941,0.16823286903046689,10
La Liga,1,2.3526499999999997,2.2632,2.5,0.08700552025909371,10
La Liga,2,2.16051,1.9211,2.3684,0.14856605302393647,10
La Liga,3,2.01052,1.7895,2.3158,0.15354564142299834,10
La Liga,4,1.85263,1.6053,2.0263,0.1284347395891522,10
La Liga,5,1.67895,1.5526,1.8421,0.09594150127377972,10
La Liga,6,1.58419,1.4737,1.6842,0.053790983341903,10
La Liga,7,1.4842,1.3684,1.6579,0.08790104284553925,10
La Liga,8,1.39474,1.2632,1.4737,0.06077574808717333,10
La Liga,9,1.3210600000000001,1.2105,1.4474,0.06995144665329582,10
La Liga,10,1.28421,1.1842,1.4211,0.07728838420702908,10
La Liga,11,1.23684,1.1579,1.3421,0.06681309252933397,10
La Liga,12,1.2079,1.1053,1.2895,0.06845343916366321,10
La Liga,13,1.14475,1.0789,1.2895,0.0610910659043803,10
La Liga,14,1.11316,1.0263,1.2368,0.05554560088591873,10
La Liga,15,1.08684,1.0,1.2105,0.06452426244789196,10
La Liga,16,1.04736,0.9474,1.1316,0.05378554535271429,10
La Liga,17,1.02631,0.9211,1.1316,0.06678245694458651,10
La Liga,18,0.93684,0.7632,1.0526,0.09860732675054572,10
La Liga,19,0.7947299999999999,0.5526,0.9737,0.16215297338555892,10
La Liga,20,0.66316,0.4211,0.8421,0.153345298083914,10
Ligue 1,1,2.3777,2.1842,2.5263,0.1338840543156652,10
Ligue 1,2,2.01982,1.7105,2.2895,0.17342202090084566,10
Ligue 1,3,1.88738,1.7105,2.0526,0.12790401609540386,10
Ligue 1,4,1.79605,1.6579,2.0263,0.11955158115037859,10
Ligue 1,5,1.62676,1.4643,1.7647,0.1007673911099772,10
Ligue 1,6,1.56732,1.4474,1.7105,0.08787028065405403,10
Ligue 1,7,1.50526,1.3421,1.6765,0.10812889633313667,10
Ligue 1,8,1.45603,1.3158,1.6053,0.08680329038822329,10
Ligue 1,9,1.40184,1.3158,1.5263,0.06706643803804632,10
Ligue 1,10,1.34693,1.2353,1.4474,0.07519827199551271,10
Ligue 1,11,1.27877,1.2105,1.3929,0.058134653081349796,10
Ligue 1,12,1.24437,1.1842,1.3214,0.0498432219843158,10
Ligue 1,13,1.1895799999999999,1.0588,1.3214,0.07670998486362633,10
Ligue 1,14,1.11384,0.9706,1.2632,0.08295900192263647,10
Ligue 1,15,1.05502,0.9412,1.2143,0.09307506886618155,10
Ligue 1,16,1.0026599999999999,0.8529,1.1579,0.08805029118508224,10
Ligue 1,17,0.97278,0.8529,1.0789,0.07788826469871937,10
Ligue 1,18,0.85912,0.4706,1.0526,0.18129173419902211,10
Ligue 1,19,0.8526875,0.6316,0.9737,0.10400385209212204,8
Ligue 1,20,0.6336875,0.4643,0.8947,0.16741883694580403,8
Premier League,1,2.40527,2.1316,2.6316,0.17063645598497149,10
Premier League,2,2.18159,1.8684,2.5526,0.22137168066399096,10
Premier League,3,1.93157,1.7368,2.1579,0.12541734817090588,10
Premier League,4,1.8421,1.7368,2.0,0.09200596599013447,10
Premier League,5,1.7815699999999999,1.6316,1.9737,0.0920502646504736,10
Premier League,6,1.66841,1.5263,1.8158,0.08701425745244282,10
Premier League,7,1.57106,1.4211,1.7105,0.08598267525754498,10
Premier League,8,1.47105,1.2105,1.6053,0.1433049371096474,10
Premier League,9,1.38683,1.2105,1.5526,0.116410366567778,10
Premier League,10,1.34737,1.1579,1.5526,0.12078261510296552,10
Premier League,11,1.28685,1.1579,1.4474,0.10113871936877372,10
Premier League,12,1.23948,1.1579,1.3947,0.07692093776512787,10
Premier League,13,1.17631,1.0789,1.2632,0.05555138662135768,10
Premier League,14,1.1341999999999999,1.0526,1.2105,0.05183135044438729,10
Premier League,15,1.07367,1.0263,1.1316,0.03237145690608041,10
Premier League,16,1.0421,0.9737,1.1053,0.04333653834301436,10
Premier League,17,0.97106,0.8421,1.0526,0.06256801099603534,10
Premier League,18,0.84209,0.6579,0.9737,0.10815032182620221,10
Premier League,19,0.73946,0.5789,0.8947,0.12118802837831064,10
Premier League,20,0.54475,0.3158,0.8158,0.14574782826664842,10
Primeira Liga,1,2.5353,2.4118,2.6765,0.09783253264862588,10
Primeira Liga,2,2.39705,2.2353,2.5294,0.10490975222118822,10
Primeira Liga,3,2.13529,1.7647,2.2941,0.15264239581453112,10
Primeira Liga,4,1.93825,1.7059,2.2059,0.16136927457783837,10
Primeira Liga,5,1.59998,1.5,1.8529,0.10393370536602219,10
Primeira Liga,6,1.49705,1.3529,1.6176,0.09345179684379179,10
Primeira Liga,7,1.35883,1.1765,1.4706,0.08856666102120167,10
Primeira Liga,8,1.29706,1.1471,1.4118,0.07650673463456954,10
Primeira Liga,9,1.23235,1.1176,1.3235,0.06713289059767945,10
Primeira Liga,10,1.16764,1.0882,1.2647,0.05727183135422394,10
Primeira Liga,11,1.1294,1.0882,1.1765,0.0248370690702426,10
Primeira Liga,12,1.10881,1.0588,1.1765,0.04173161471434659,10
Primeira Liga,13,1.05293,0.9706,1.1471,0.05510858069907684,10
Primeira Liga,14,1.00882,0.9412,1.0588,0.04393636307206138,10
Primeira Liga,15,0.9588300000000001,0.8529,1.0294,0.06383141076304051,10
Primeira Liga,16,0.90295,0.7647,1.0,0.0797172816897315,10
Primeira Liga,17,0.84412,0.6765,0.9706,0.08775035042665072,10
Primeira Liga,18,0.6853,0.5,0.8824,0.105652259795993,10
Serie A,1,2.34999,2.1579,2.5,0.11372450581216964,10
Serie A,2,2.1421,1.9474,2.3947,0.1354321232204531,10
Serie A,3,2.01052,1.8158,2.2632,0.13199709424411157,10
Serie A,4,1.88157,1.7632,2.0526,0.09785692560513477,10
Serie A,5,1.80526,1.6842,2.0263,0.10757270616244215,10
Serie A,6,1.68947,1.6053,1.7895,0.05377684445930239,10
Serie A,7,1.62106,1.5,1.7105,0.05435840321422252,10
Serie A,8,1.52894,1.3421,1.6579,0.0964416830121821,10
Serie A,9,1.40263,1.2895,1.6316,0.09120832137962458,10
Serie A,10,1.29211,1.1579,1.4211,0.09153963865148503,10
Serie A,11,1.22369,1.1053,1.3684,0.09051620419694052,10
Serie A,12,1.17103,1.0789,1.2368,0.05851594369628387,10
Serie A,13,1.12894,1.0,1.2105,0.07281158637958046,10
Serie A,14,1.07894,0.9737,1.1842,0.06325894227520544,10
Serie A,15,1.03421,0.9474,1.1053,0.06082644618548376,10
Serie A,16,0.98948,0.9474,1.0789,0.05141782656714388,10
Serie A,17,0.93947,0.8158,1.0263,0.08044216763199095,10
Serie A,18,0.88949,0.7895,1.0,0.07525625038641126,10
Serie A,19,0.7079,0.6053,0.8158,0.06732135206934307,10
Serie A,20,0.53947,0.4474,0.7368,0.10321106798960834,10
