league,season,ppg_1,ppg_2,ppg_4,ppg_10,ppg_last,gap_1_2,gap_1_4,gap_4_10,gap_10_last
Bundesliga,2015/16,2.5882,2.2941,1.6176,1.2059,0.7353,0.29410000000000025,0.9706000000000001,0.41169999999999995,0.4706
Bundesliga,2016/17,2.4118,1.9706,1.8235,1.2647,0.7353,0.44120000000000004,0.5883,0.5588,0.5294
Bundesliga,2017/18,2.4706,1.8529,1.6176,1.2647,0.6471,0.6177000000000001,0.8530000000000002,0.3529,0.6175999999999999
Bundesliga,2018/19,2.2941,2.2353,1.7059,1.2941,0.5588,0.05879999999999974,0.5881999999999998,0.41179999999999994,0.7353000000000001
Bundesliga,2019/20,2.4118,2.0294,1.9118,1.2059,0.5882,0.3824000000000001,0.5,0.7059,0.6177
Bundesliga,2020/21,2.2941,1.9118,1.7941,1.3235,0.4706,0.38229999999999986,0.4999999999999998,0.47060000000000013,0.8528999999999999
Bundesliga,2021/22,2.2647,2.0294,1.7059,1.3235,0.5294,0.23530000000000006,0.5588,0.3824000000000001,0.7940999999999999
Bundesliga,2022/23,2.0882,2.0882,1.8235,1.2647,0.8529,0.0,0.26470000000000016,0.5588,0.41179999999999994
Bundesliga,2023/24,2.6471,2.1471,1.9118,1.2353,0.5,0.5,0.7353000000000001,0.6764999999999999,0.7353000000000001
Bundesliga,2024/25,2.4118,2.0294,1.6765,1.3235,0.7353,0.3824000000000001,0.7352999999999998,0.3530000000000002,0.5882
Eredivisie,2015/16,2.4706,2.4118,1.7353,1.3529,0.5294,0.058800000000000185,0.7353000000000001,0.3824000000000001,0.8235
Eredivisie,2016/17,2.4118,2.3824,1.8235,1.2647,0.6765,0.02939999999999987,0.5883,0.5588,0.5882
Eredivisie,2017/18,2.4412,2.3235,1.9412,1.2353,0.7059,0.1176999999999997,0.4999999999999998,0.7059,0.5294000000000001
Eredivisie,2018/19,2.5294,2.4412,1.7059,1.2941,0.6765,0.08820000000000006,0.8234999999999999,0.41179999999999994,0.6176
Eredivisie,2019/20,2.24,2.24,1.8846,1.2692,0.5769,0.0,0.35540000000000016,0.6154,0.6923000000000001
Eredivisie,2020/21,2.5882,2.1176,1.7941,1.2059,0.6471,0.47060000000000013,0.7941,0.5882000000000001,0.5588
Eredivisie,2021/22,2.4412,2.3824,2.0,1.1176,0.7941,0.05879999999999974,0.4411999999999998,0.8824000000000001,0.3234999999999999
Eredivisie,2022/23,2.4118,2.2059,1.9706,1.1765,0.5294,0.20589999999999975,0.44120000000000004,0.7940999999999998,0.6471000000000001
Eredivisie,2023/24,2.6765,2.4706,1.9118,1.1176,0.1765,0.20589999999999975,0.7646999999999999,0.7942,0.9410999999999999
Eredivisie,2024/25,2.3235,2.2941,1.8824,1.2059,0.6471,0.029400000000000315,0.44110000000000005,0.6765000000000001,0.5588
La Liga,2015/16,2.3947,2.3684,1.6842,1.1842,0.8421,0.02629999999999999,0.7104999999999999,0.5,0.34209999999999996
La Liga,2016/17,2.4474,2.3684,1.8947,1.4211,0.5263,0.07900000000000018,0.5527,0.4736,0.8948
La Liga,2017/18,2.4474,2.0789,1.9211,1.3421,0.5263,0.36850000000000005,0.5263,0.579,0.8158000000000001
La Liga,2018/19,2.2895,2.0,1.6053,1.3158,0.8421,0.28949999999999987,0.6841999999999999,0.28949999999999987,0.4737000000000001
La Liga,2019/20,2.2895,2.1579,1.8421,1.3684,0.6579,0.13159999999999972,0.4473999999999998,0.4737,0.7105
La Liga,2020/21,2.2632,2.2105,2.0263,1.2105,0.7895,0.05269999999999975,0.2368999999999999,0.8158000000000001,0.42099999999999993
La Liga,2021/22,2.2632,1.9211,1.8421,1.2368,0.8158,0.34209999999999985,0.4210999999999998,0.6053000000000002,0.42099999999999993
La Liga,2022/23,2.3158,2.0526,1.8684,1.2895,0.6579,0.2631999999999999,0.4473999999999998,0.5789,0.6316
La Liga,2023/24,2.5,2.2368,2.0,1.2105,0.5526,0.2631999999999999,0.5,0.7895000000000001,0.6578999999999999
La Liga,2024/25,2.3158,2.2105,1.8421,1.2632,0.4211,0.10529999999999973,0.4736999999999998,0.5789,0.8421000000000001
Ligue 1,2015/16,2.5263,1.7105,1.6579,1.3158,0.4737,0.8158000000000001,0.8684000000000001,0.34209999999999985,0.8421000000000001
Ligue 1,2016/17,2.5,2.2895,1.7632,1.3158,0.8947,0.21050000000000013,0.7367999999999999,0.4474,0.42110000000000003
Ligue 1,2017/18,2.4474,2.1053,2.0263,1.3421,0.6842,0.34209999999999985,0.42110000000000003,0.6841999999999999,0.6579
Ligue 1,2018/19,2.3947,1.9737,1.7368,1.3684,0.7105,0.4209999999999998,0.6578999999999999,0.36839999999999984,0.6579
Ligue 1,2019/20,2.5185,2.0,1.75,1.4074,0.4643,0.5185,0.7685,0.3426,0.9431
Ligue 1,2020/21,2.1842,2.1579,2.0,1.2368,0.5526,0.02629999999999999,0.18420000000000014,0.7632000000000001,0.6841999999999999
Ligue 1,2021/22,2.2632,1.8684,1.7368,1.4474,0.8158,0.3947999999999998,0.5264,0.2893999999999999,0.6316
Ligue 1,2022/23,2.2368,2.2105,1.7895,1.4474,0.4737,0.02629999999999999,0.44730000000000003,0.34210000000000007,0.9737
Ligue 1,2023/24,2.2353,1.9706,1.7353,1.3529,0.7353,0.26470000000000016,0.5,0.3824000000000001,0.6176
Ligue 1,2024/25,2.4706,1.9118,1.7647,1.2353,0.4706,0.5588000000000002,0.7059000000000002,0.5293999999999999,0.7647
Premier League,2015/16,2.1316,1.8684,1.7368,1.3158,0.4474,0.2632000000000001,0.39480000000000026,0.4209999999999998,0.8684000000000001
Premier League,2016/17,2.4474,2.2632,2.0,1.1842,0.6316,0.18420000000000014,0.4474,0.8158000000000001,0.5525999999999999
Premier League,2017/18,2.6316,2.1316,1.9737,1.1579,0.8158,0.5,0.6579000000000002,0.8158000000000001,0.34209999999999996
Premier League,2018/19,2.5789,2.5526,1.8684,1.3684,0.4211,0.02629999999999999,0.7104999999999999,0.5,0.9473
Premier League,2019/20,2.6053,2.1316,1.7368,1.4211,0.5526,0.4737,0.8685000000000003,0.31569999999999987,0.8685
Premier League,2020/21,2.2632,1.9474,1.7632,1.5526,0.6053,0.31579999999999986,0.4999999999999998,0.21060000000000012,0.9473
Premier League,2021/22,2.4474,2.4211,1.8684,1.3421,0.5789,0.02629999999999999,0.579,0.5263,0.7632000000000001
Premier League,2022/23,2.3421,2.2105,1.8684,1.3684,0.6579,0.13159999999999972,0.4736999999999998,0.5,0.7105
Premier League,2023/24,2.3947,2.3421,1.7895,1.2895,0.4211,0.05259999999999998,0.6051999999999997,0.5,0.8684000000000001
Premier League,2024/25,2.2105,1.9474,1.8158,1.4737,0.3158,0.2631000000000001,0.39470000000000005,0.34210000000000007,1.1579
Primeira Liga,2015/16,2.5882,2.5294,1.7059,1.1765,0.7353,0.058800000000000185,0.8823000000000001,0.5293999999999999,0.44120000000000015
Primeira Liga,2016/17,2.4118,2.2353,1.8235,1.1176,0.6176,0.17649999999999988,0.5883,0.7059,0.4999999999999999
Primeira Liga,2017/18,2.5882,2.3824,2.2059,1.1176,0.8824,0.20579999999999998,0.38229999999999986,1.0883000000000003,0.23519999999999996
Primeira Liga,2018/19,2.5588,2.5,1.9706,1.2353,0.5882,0.058800000000000185,0.5882000000000003,0.7352999999999998,0.6471000000000001
Primeira Liga,2019/20,2.4118,2.2647,1.7647,1.2647,0.5,0.1471,0.6471,0.5,0.7646999999999999
Primeira Liga,2020/21,2.5,2.3529,1.8824,1.1765,0.7353,0.1471,0.6175999999999999,0.7059,0.44120000000000015
Primeira Liga,2021/22,2.6765,2.5,1.9118,1.1176,0.7647,0.17649999999999988,0.7646999999999999,0.7942,0.3528999999999999
Primeira Liga,2022/23,2.5588,2.5,2.1765,1.2059,0.6471,0.058800000000000185,0.3823000000000003,0.9705999999999999,0.5588
Primeira Liga,2023/24,2.6471,2.3529,2.0,1.0882,0.6765,0.2942,0.6471,0.9117999999999999,0.41170000000000007
Primeira Liga,2024/25,2.4118,2.3529,1.9412,1.1765,0.7059,0.05889999999999995,0.4705999999999999,0.7646999999999999,0.47060000000000013
Serie A,2015/16,2.3947,2.1579,1.7632,1.2105,0.7368,0.23679999999999968,0.6314999999999997,0.5527000000000002,0.4736999999999999
Serie A,2016/17,2.3947,2.2895,1.8947,1.2632,0.4737,0.10519999999999996,0.4999999999999998,0.6315,0.7895000000000001
Serie A,2017/18,2.5,2.3947,1.8947,1.4211,0.5526,0.10530000000000017,0.6053,0.4736,0.8685
Serie A,2018/19,2.3684,2.0789,1.8158,1.1579,0.4474,0.28949999999999987,0.5525999999999998,0.6579000000000002,0.7104999999999999
Serie A,2019/20,2.1842,2.1579,2.0526,1.2895,0.5263,0.02629999999999999,0.13160000000000016,0.7630999999999999,0.7632000000000001
Serie A,2020/21,2.3947,2.0789,2.0526,1.1842,0.5263,0.31579999999999986,0.34209999999999985,0.8684000000000001,0.6578999999999999
Serie A,2021/22,2.2632,2.2105,1.8421,1.3158,0.7105,0.05269999999999975,0.4210999999999998,0.5263,0.6053000000000001
Serie A,2022/23,2.3684,1.9474,1.8421,1.3947,0.5,0.4209999999999998,0.5262999999999998,0.4474,0.8947
Serie A,2023/24,2.4737,1.9737,1.8158,1.3947,0.4474,0.5,0.6578999999999999,0.42110000000000003,0.9473
Serie A,2024/25,2.1579,2.1316,1.8421,1.2895,0.4737,0.02629999999999999,0.3158000000000001,0.5526,0.8158000000000001
